User,Article,Rating
0,0,11
0,1,10
0,2,17
0,3,10
0,4,12
0,5,21
0,6,9
0,7,13
0,8,15
0,9,13
1,0,9
1,1,13
1,2,21
1,3,8
1,4,9
1,5,17
1,6,14
1,7,14
1,8,15
1,9,13
2,0,14
2,1,16
2,2,17
2,3,17
2,4,11
2,5,17
2,6,17
2,7,13
2,8,16
2,9,12
3,0,12
3,1,11
3,2,18
3,3,13
3,4,19
3,5,16
3,6,15
3,7,12
3,8,10
3,9,13
4,0,10
4,1,14
4,2,12
4,3,12
4,4,16
4,5,18
4,6,13
4,7,12
4,8,13
4,9,15
5,0,13
5,1,15
5,2,18
5,3,16
5,4,15
5,5,10
5,6,18
5,7,12
5,8,14
5,9,13
6,0,11
6,1,17
6,2,13
6,3,11
6,4,17
6,5,16
6,6,15
6,7,11
6,8,17
6,9,14
7,0,13
7,1,15
7,2,12
7,3,12
7,4,11
7,5,13
7,6,10
7,7,16
7,8,12
7,9,13
8,0,8
8,1,14
8,2,9
8,3,14
8,4,7
8,5,14
8,6,11
8,7,9
8,8,11
8,9,11
9,0,16
9,1,17
9,2,18
9,3,12
9,4,17
9,5,19
9,6,15
9,7,16
9,8,10
9,9,19
10,0,10
10,1,17
10,2,15
10,3,16
10,4,11
10,5,19
10,6,12
10,7,14
10,8,13
10,9,12
11,0,9
11,1,9
11,2,18
11,3,16
11,4,14
11,5,14
11,6,15
11,7,8
11,8,13
11,9,18
12,0,14
12,1,13
12,2,17
12,3,15
12,4,18
12,5,11
12,6,15
12,7,10
12,8,15
12,9,15
13,0,16
13,1,16
13,2,9
13,3,12
13,4,10
13,5,15
13,6,13
13,7,15
13,8,17
13,9,13
14,0,10
14,1,15
14,2,18
14,3,10
14,4,13
14,5,21
14,6,15
14,7,16
14,8,14
14,9,19
15,0,15
15,1,16
15,2,19
15,3,21
15,4,16
15,5,14
15,6,20
15,7,10
15,8,12
15,9,16
16,0,11
16,1,14
16,2,8
16,3,15
16,4,17
16,5,14
16,6,11
16,7,16
16,8,11
16,9,18
17,0,12
17,1,14
17,2,10
17,3,15
17,4,18
17,5,16
17,6,15
17,7,16
17,8,17
17,9,18
18,0,11
18,1,20
18,2,19
18,3,16
18,4,11
18,5,15
18,6,12
18,7,16
18,8,15
18,9,11
19,0,11
19,1,17
19,2,17
19,3,15
19,4,8
19,5,15
19,6,14
19,7,14
19,8,11
19,9,14
20,0,14
20,1,17
20,2,19
20,3,16
20,4,14
20,5,11
20,6,19
20,7,14
20,8,16
20,9,12
21,0,16
21,1,14
21,2,21
21,3,12
21,4,11
21,5,16
21,6,14
21,7,14
21,8,16
21,9,13
22,0,12
22,1,12
22,2,11
22,3,13
22,4,12
22,5,16
22,6,11
22,7,11
22,8,13
22,9,11
23,0,15
23,1,14
23,2,13
23,3,11
23,4,13
23,5,18
23,6,15
23,7,17
23,8,14
23,9,16
24,0,19
24,1,19
24,2,20
24,3,15
24,4,16
24,5,19
24,6,21
24,7,16
24,8,11
24,9,15
25,0,12
25,1,11
25,2,10
25,3,8
25,4,17
25,5,19
25,6,13
25,7,10
25,8,11
25,9,17
26,0,15
26,1,15
26,2,12
26,3,17
26,4,18
26,5,15
26,6,15
26,7,15
26,8,20
26,9,18
27,0,10
27,1,14
27,2,15
27,3,14
27,4,13
27,5,12
27,6,10
27,7,17
27,8,11
27,9,13
28,0,17
28,1,12
28,2,10
28,3,15
28,4,15
28,5,14
28,6,13
28,7,15
28,8,15
28,9,12
29,0,17
29,1,14
29,2,17
29,3,14
29,4,17
29,5,22
29,6,17
29,7,12
29,8,15
29,9,21
30,0,10
30,1,14
30,2,16
30,3,12
30,4,17
30,5,18
30,6,16
30,7,14
30,8,13
30,9,17
31,0,15
31,1,10
31,2,12
31,3,12
31,4,14
31,5,15
31,6,17
31,7,12
31,8,15
31,9,11
32,0,11
32,1,16
32,2,19
32,3,16
32,4,12
32,5,21
32,6,14
32,7,13
32,8,9
32,9,13
33,0,20
33,1,17
33,2,18
33,3,14
33,4,15
33,5,16
33,6,17
33,7,17
33,8,15
33,9,14
34,0,18
34,1,14
34,2,22
34,3,10
34,4,14
34,5,18
34,6,15
34,7,15
34,8,12
34,9,14
35,0,11
35,1,15
35,2,9
35,3,12
35,4,16
35,5,13
35,6,14
35,7,15
35,8,9
35,9,17
36,0,11
36,1,13
36,2,15
36,3,18
36,4,16
36,5,14
36,6,18
36,7,15
36,8,13
36,9,12
37,0,16
37,1,15
37,2,14
37,3,17
37,4,19
37,5,11
37,6,12
37,7,17
37,8,12
37,9,12
38,0,13
38,1,13
38,2,18
38,3,15
38,4,9
38,5,17
38,6,16
38,7,15
38,8,12
38,9,12
39,0,12
39,1,14
39,2,11
39,3,15
39,4,16
39,5,19
39,6,15
39,7,14
39,8,11
39,9,16
40,0,10
40,1,11
40,2,7
40,3,8
40,4,19
40,5,17
40,6,13
40,7,11
40,8,8
40,9,17
41,0,17
41,1,16
41,2,19
41,3,13
41,4,15
41,5,9
41,6,11
41,7,14
41,8,19
41,9,16
42,0,11
42,1,16
42,2,20
42,3,16
42,4,14
42,5,19
42,6,13
42,7,14
42,8,12
42,9,14
43,0,11
43,1,13
43,2,19
43,3,12
43,4,16
43,5,22
43,6,17
43,7,17
43,8,13
43,9,16
44,0,18
44,1,16
44,2,22
44,3,13
44,4,18
44,5,22
44,6,15
44,7,15
44,8,13
44,9,18
45,0,16
45,1,16
45,2,17
45,3,11
45,4,14
45,5,17
45,6,14
45,7,16
45,8,14
45,9,16
46,0,17
46,1,16
46,2,15
46,3,13
46,4,13
46,5,11
46,6,20
46,7,14
46,8,15
46,9,13
47,0,10
47,1,14
47,2,16
47,3,14
47,4,16
47,5,20
47,6,15
47,7,17
47,8,12
47,9,17
48,0,13
48,1,15
48,2,15
48,3,10
48,4,17
48,5,17
48,6,11
48,7,14
48,8,15
48,9,12
49,0,8
49,1,13
49,2,14
49,3,14
49,4,11
49,5,14
49,6,14
49,7,12
49,8,13
49,9,15
50,0,13
50,1,16
50,2,15
50,3,12
50,4,19
50,5,18
50,6,14
50,7,17
50,8,13
50,9,17
51,0,13
51,1,15
51,2,17
51,3,13
51,4,19
51,5,14
51,6,18
51,7,14
51,8,13
51,9,16
52,0,17
52,1,19
52,2,16
52,3,19
52,4,17
52,5,16
52,6,20
52,7,11
52,8,16
52,9,19
53,0,16
53,1,16
53,2,15
53,3,20
53,4,16
53,5,14
53,6,22
53,7,12
53,8,15
53,9,15
54,0,14
54,1,22
54,2,16
54,3,18
54,4,19
54,5,18
54,6,18
54,7,10
54,8,16
54,9,21
55,0,16
55,1,20
55,2,17
55,3,12
55,4,19
55,5,19
55,6,16
55,7,15
55,8,12
55,9,20
56,0,11
56,1,13
56,2,22
56,3,16
56,4,14
56,5,17
56,6,20
56,7,13
56,8,17
56,9,14
57,0,13
57,1,12
57,2,20
57,3,14
57,4,14
57,5,22
57,6,17
57,7,15
57,8,10
57,9,16
58,0,13
58,1,12
58,2,8
58,3,13
58,4,13
58,5,15
58,6,10
58,7,12
58,8,13
58,9,11
59,0,13
59,1,12
59,2,20
59,3,13
59,4,14
59,5,13
59,6,12
59,7,14
59,8,14
59,9,10
60,0,15
60,1,11
60,2,21
60,3,16
60,4,13
60,5,13
60,6,18
60,7,12
60,8,8
60,9,15
61,0,10
61,1,17
61,2,17
61,3,14
61,4,13
61,5,20
61,6,19
61,7,16
61,8,12
61,9,15
62,0,14
62,1,21
62,2,20
62,3,21
62,4,16
62,5,18
62,6,19
62,7,11
62,8,17
62,9,21
63,0,16
63,1,14
63,2,13
63,3,14
63,4,14
63,5,17
63,6,14
63,7,18
63,8,16
63,9,14
64,0,12
64,1,15
64,2,11
64,3,13
64,4,19
64,5,19
64,6,14
64,7,16
64,8,8
64,9,17
65,0,13
65,1,15
65,2,11
65,3,17
65,4,16
65,5,14
65,6,14
65,7,12
65,8,13
65,9,13
66,0,9
66,1,19
66,2,11
66,3,16
66,4,12
66,5,12
66,6,14
66,7,10
66,8,13
66,9,10
67,0,13
67,1,12
67,2,13
67,3,14
67,4,17
67,5,16
67,6,12
67,7,13
67,8,10
67,9,18
68,0,7
68,1,19
68,2,17
68,3,6
68,4,19
68,5,20
68,6,16
68,7,15
68,8,13
68,9,16
69,0,10
69,1,15
69,2,10
69,3,10
69,4,19
69,5,17
69,6,15
69,7,12
69,8,15
69,9,13
70,0,13
70,1,14
70,2,11
70,3,10
70,4,12
70,5,17
70,6,16
70,7,10
70,8,13
70,9,15
71,0,14
71,1,11
71,2,14
71,3,11
71,4,18
71,5,19
71,6,15
71,7,16
71,8,11
71,9,19
72,0,14
72,1,14
72,2,12
72,3,16
72,4,12
72,5,15
72,6,14
72,7,10
72,8,15
72,9,19
73,0,15
73,1,12
73,2,14
73,3,17
73,4,13
73,5,18
73,6,16
73,7,16
73,8,12
73,9,17
74,0,16
74,1,13
74,2,14
74,3,14
74,4,12
74,5,19
74,6,20
74,7,19
74,8,13
74,9,12
75,0,15
75,1,13
75,2,23
75,3,13
75,4,9
75,5,16
75,6,19
75,7,18
75,8,17
75,9,15
76,0,15
76,1,11
76,2,12
76,3,12
76,4,11
76,5,11
76,6,16
76,7,12
76,8,10
76,9,16
77,0,17
77,1,16
77,2,10
77,3,10
77,4,21
77,5,18
77,6,15
77,7,13
77,8,17
77,9,18
78,0,9
78,1,17
78,2,16
78,3,15
78,4,17
78,5,19
78,6,15
78,7,11
78,8,19
78,9,12
79,0,15
79,1,15
79,2,21
79,3,18
79,4,12
79,5,23
79,6,17
79,7,15
79,8,12
79,9,14
80,0,20
80,1,17
80,2,18
80,3,19
80,4,15
80,5,18
80,6,15
80,7,16
80,8,11
80,9,15
81,0,17
81,1,16
81,2,14
81,3,15
81,4,16
81,5,17
81,6,18
81,7,15
81,8,12
81,9,15
82,0,11
82,1,16
82,2,17
82,3,13
82,4,14
82,5,13
82,6,15
82,7,10
82,8,13
82,9,12
83,0,11
83,1,19
83,2,12
83,3,12
83,4,17
83,5,19
83,6,20
83,7,11
83,8,14
83,9,18
84,0,12
84,1,18
84,2,19
84,3,20
84,4,17
84,5,13
84,6,16
84,7,17
84,8,19
84,9,15
85,0,13
85,1,19
85,2,14
85,3,15
85,4,16
85,5,19
85,6,19
85,7,10
85,8,14
85,9,18
86,0,20
86,1,15
86,2,23
86,3,15
86,4,10
86,5,15
86,6,17
86,7,16
86,8,15
86,9,12
87,0,21
87,1,16
87,2,22
87,3,13
87,4,16
87,5,18
87,6,12
87,7,17
87,8,13
87,9,13
88,0,17
88,1,14
88,2,16
88,3,17
88,4,17
88,5,12
88,6,15
88,7,18
88,8,9
88,9,18
89,0,11
89,1,13
89,2,17
89,3,14
89,4,15
89,5,18
89,6,17
89,7,11
89,8,9
89,9,19
90,0,6
90,1,13
90,2,10
90,3,14
90,4,13
90,5,18
90,6,14
90,7,12
90,8,9
90,9,16
91,0,14
91,1,17
91,2,9
91,3,14
91,4,16
91,5,19
91,6,13
91,7,15
91,8,11
91,9,21
92,0,13
92,1,15
92,2,13
92,3,11
92,4,15
92,5,15
92,6,16
92,7,14
92,8,20
92,9,15
93,0,10
93,1,11
93,2,11
93,3,14
93,4,10
93,5,13
93,6,16
93,7,10
93,8,18
93,9,16
94,0,10
94,1,13
94,2,12
94,3,15
94,4,13
94,5,12
94,6,16
94,7,13
94,8,10
94,9,11
95,0,17
95,1,12
95,2,15
95,3,18
95,4,17
95,5,19
95,6,18
95,7,21
95,8,13
95,9,17
96,0,6
96,1,15
96,2,11
96,3,14
96,4,12
96,5,13
96,6,10
96,7,6
96,8,12
96,9,16
97,0,9
97,1,11
97,2,8
97,3,16
97,4,13
97,5,12
97,6,11
97,7,10
97,8,13
97,9,10
98,0,9
98,1,13
98,2,13
98,3,17
98,4,11
98,5,10
98,6,8
98,7,10
98,8,13
98,9,13
99,0,12
99,1,13
99,2,9
99,3,11
99,4,15
99,5,10
99,6,13
99,7,15
99,8,16
99,9,10
100,0,10
100,1,19
100,2,12
100,3,12
100,4,19
100,5,18
100,6,14
100,7,10
100,8,18
100,9,19
101,0,11
101,1,15
101,2,13
101,3,12
101,4,11
101,5,12
101,6,15
101,7,13
101,8,14
101,9,18
102,0,18
102,1,12
102,2,22
102,3,16
102,4,13
102,5,14
102,6,18
102,7,14
102,8,17
102,9,12
103,0,18
103,1,18
103,2,13
103,3,13
103,4,13
103,5,18
103,6,18
103,7,14
103,8,9
103,9,12
104,0,16
104,1,15
104,2,21
104,3,14
104,4,7
104,5,18
104,6,16
104,7,13
104,8,11
104,9,12
105,0,9
105,1,15
105,2,10
105,3,14
105,4,15
105,5,15
105,6,11
105,7,11
105,8,13
105,9,9
106,0,15
106,1,15
106,2,20
106,3,18
106,4,13
106,5,17
106,6,16
106,7,12
106,8,18
106,9,16
107,0,15
107,1,13
107,2,16
107,3,10
107,4,13
107,5,11
107,6,18
107,7,17
107,8,11
107,9,16
108,0,6
108,1,15
108,2,13
108,3,14
108,4,13
108,5,15
108,6,15
108,7,11
108,8,15
108,9,13
109,0,12
109,1,16
109,2,17
109,3,15
109,4,15
109,5,15
109,6,19
109,7,13
109,8,16
109,9,17
110,0,13
110,1,14
110,2,15
110,3,15
110,4,13
110,5,12
110,6,9
110,7,16
110,8,12
110,9,15
111,0,12
111,1,15
111,2,15
111,3,13
111,4,13
111,5,17
111,6,18
111,7,8
111,8,12
111,9,20
112,0,11
112,1,16
112,2,11
112,3,11
112,4,15
112,5,16
112,6,14
112,7,11
112,8,13
112,9,15
113,0,11
113,1,15
113,2,10
113,3,9
113,4,11
113,5,13
113,6,16
113,7,14
113,8,12
113,9,12
114,0,15
114,1,10
114,2,13
114,3,11
114,4,14
114,5,20
114,6,18
114,7,15
114,8,12
114,9,17
115,0,17
115,1,17
115,2,18
115,3,11
115,4,19
115,5,22
115,6,19
115,7,18
115,8,11
115,9,15
116,0,9
116,1,9
116,2,17
116,3,13
116,4,14
116,5,18
116,6,12
116,7,11
116,8,11
116,9,14
117,0,8
117,1,12
117,2,11
117,3,12
117,4,11
117,5,14
117,6,13
117,7,11
117,8,13
117,9,9
118,0,13
118,1,10
118,2,16
118,3,12
118,4,11
118,5,9
118,6,12
118,7,16
118,8,13
118,9,9
119,0,10
119,1,16
119,2,10
119,3,12
119,4,14
119,5,13
119,6,13
119,7,9
119,8,18
119,9,12
120,0,20
120,1,20
120,2,20
120,3,12
120,4,17
120,5,14
120,6,11
120,7,16
120,8,13
120,9,9
121,0,13
121,1,11
121,2,14
121,3,18
121,4,13
121,5,14
121,6,14
121,7,14
121,8,15
121,9,17
122,0,14
122,1,13
122,2,14
122,3,14
122,4,12
122,5,12
122,6,19
122,7,15
122,8,16
122,9,15
123,0,7
123,1,14
123,2,14
123,3,8
123,4,12
123,5,13
123,6,15
123,7,8
123,8,16
123,9,13
124,0,17
124,1,15
124,2,18
124,3,17
124,4,13
124,5,18
124,6,18
124,7,15
124,8,14
124,9,14
125,0,16
125,1,13
125,2,18
125,3,16
125,4,16
125,5,18
125,6,15
125,7,17
125,8,16
125,9,18
126,0,11
126,1,10
126,2,11
126,3,8
126,4,17
126,5,16
126,6,15
126,7,7
126,8,11
126,9,16
127,0,15
127,1,15
127,2,19
127,3,15
127,4,10
127,5,13
127,6,16
127,7,13
127,8,15
127,9,13
128,0,21
128,1,21
128,2,19
128,3,15
128,4,19
128,5,19
128,6,14
128,7,18
128,8,17
128,9,12
129,0,10
129,1,13
129,2,15
129,3,10
129,4,13
129,5,14
129,6,13
129,7,14
129,8,14
129,9,14
130,0,12
130,1,17
130,2,18
130,3,14
130,4,16
130,5,19
130,6,16
130,7,10
130,8,16
130,9,19
131,0,13
131,1,15
131,2,11
131,3,16
131,4,13
131,5,15
131,6,10
131,7,15
131,8,11
131,9,16
132,0,10
132,1,11
132,2,15
132,3,16
132,4,7
132,5,14
132,6,10
132,7,17
132,8,13
132,9,10
133,0,15
133,1,10
133,2,7
133,3,14
133,4,12
133,5,14
133,6,15
133,7,15
133,8,15
133,9,15
134,0,14
134,1,16
134,2,16
134,3,19
134,4,17
134,5,23
134,6,18
134,7,17
134,8,17
134,9,20
135,0,10
135,1,14
135,2,14
135,3,16
135,4,8
135,5,10
135,6,21
135,7,16
135,8,11
135,9,14
136,0,15
136,1,11
136,2,14
136,3,14
136,4,14
136,5,15
136,6,14
136,7,12
136,8,13
136,9,16
137,0,11
137,1,12
137,2,12
137,3,9
137,4,18
137,5,16
137,6,20
137,7,10
137,8,16
137,9,16
138,0,10
138,1,15
138,2,10
138,3,12
138,4,18
138,5,16
138,6,10
138,7,12
138,8,16
138,9,15
139,0,13
139,1,17
139,2,10
139,3,11
139,4,16
139,5,13
139,6,16
139,7,15
139,8,17
139,9,19
140,0,15
140,1,15
140,2,14
140,3,16
140,4,15
140,5,16
140,6,17
140,7,13
140,8,15
140,9,14
141,0,8
141,1,17
141,2,21
141,3,11
141,4,18
141,5,19
141,6,11
141,7,16
141,8,13
141,9,15
142,0,12
142,1,10
142,2,14
142,3,10
142,4,14
142,5,20
142,6,11
142,7,13
142,8,13
142,9,13
143,0,7
143,1,15
143,2,15
143,3,13
143,4,7
143,5,17
143,6,13
143,7,17
143,8,16
143,9,13
144,0,12
144,1,12
144,2,14
144,3,18
144,4,11
144,5,11
144,6,13
144,7,10
144,8,14
144,9,7
145,0,9
145,1,14
145,2,14
145,3,10
145,4,15
145,5,13
145,6,12
145,7,9
145,8,12
145,9,15
146,0,14
146,1,12
146,2,16
146,3,12
146,4,9
146,5,16
146,6,14
146,7,16
146,8,15
146,9,14
147,0,12
147,1,13
147,2,16
147,3,13
147,4,13
147,5,12
147,6,9
147,7,11
147,8,14
147,9,10
148,0,11
148,1,14
148,2,16
148,3,17
148,4,16
148,5,16
148,6,12
148,7,11
148,8,14
148,9,16
149,0,10
149,1,13
149,2,10
149,3,14
149,4,12
149,5,15
149,6,11
149,7,8
149,8,12
149,9,13
150,0,13
150,1,16
150,2,20
150,3,11
150,4,17
150,5,16
150,6,16
150,7,12
150,8,11
150,9,14
151,0,14
151,1,16
151,2,17
151,3,15
151,4,10
151,5,13
151,6,13
151,7,19
151,8,14
151,9,12
152,0,17
152,1,14
152,2,22
152,3,18
152,4,17
152,5,21
152,6,14
152,7,15
152,8,16
152,9,21
153,0,15
153,1,12
153,2,14
153,3,12
153,4,12
153,5,22
153,6,18
153,7,12
153,8,10
153,9,16
154,0,13
154,1,14
154,2,19
154,3,14
154,4,11
154,5,15
154,6,15
154,7,16
154,8,20
154,9,13
155,0,18
155,1,12
155,2,15
155,3,19
155,4,18
155,5,14
155,6,12
155,7,15
155,8,18
155,9,7
156,0,14
156,1,12
156,2,15
156,3,15
156,4,13
156,5,15
156,6,10
156,7,17
156,8,15
156,9,17
157,0,13
157,1,13
157,2,15
157,3,17
157,4,14
157,5,16
157,6,11
157,7,12
157,8,11
157,9,19
158,0,10
158,1,15
158,2,11
158,3,11
158,4,19
158,5,21
158,6,16
158,7,19
158,8,12
158,9,17
159,0,17
159,1,16
159,2,21
159,3,15
159,4,13
159,5,17
159,6,15
159,7,17
159,8,17
159,9,17
160,0,18
160,1,15
160,2,23
160,3,17
160,4,11
160,5,17
160,6,14
160,7,13
160,8,13
160,9,12
161,0,10
161,1,16
161,2,11
161,3,12
161,4,13
161,5,12
161,6,15
161,7,14
161,8,16
161,9,13
162,0,13
162,1,10
162,2,12
162,3,15
162,4,14
162,5,14
162,6,17
162,7,14
162,8,14
162,9,16
163,0,12
163,1,16
163,2,17
163,3,17
163,4,16
163,5,14
163,6,11
163,7,9
163,8,12
163,9,12
164,0,10
164,1,15
164,2,11
164,3,11
164,4,11
164,5,11
164,6,13
164,7,14
164,8,11
164,9,15
165,0,18
165,1,10
165,2,15
165,3,14
165,4,16
165,5,18
165,6,14
165,7,16
165,8,19
165,9,16
166,0,11
166,1,13
166,2,12
166,3,12
166,4,16
166,5,16
166,6,18
166,7,8
166,8,15
166,9,15
167,0,9
167,1,13
167,2,16
167,3,10
167,4,11
167,5,13
167,6,13
167,7,12
167,8,9
167,9,12
168,0,16
168,1,14
168,2,19
168,3,14
168,4,12
168,5,21
168,6,14
168,7,16
168,8,14
168,9,16
169,0,10
169,1,15
169,2,14
169,3,15
169,4,14
169,5,12
169,6,11
169,7,10
169,8,13
169,9,11
170,0,17
170,1,13
170,2,23
170,3,16
170,4,11
170,5,19
170,6,11
170,7,15
170,8,15
170,9,17
171,0,16
171,1,14
171,2,19
171,3,14
171,4,11
171,5,20
171,6,13
171,7,16
171,8,15
171,9,15
172,0,14
172,1,17
172,2,19
172,3,14
172,4,10
172,5,14
172,6,15
172,7,14
172,8,16
172,9,16
173,0,13
173,1,18
173,2,9
173,3,15
173,4,13
173,5,13
173,6,17
173,7,16
173,8,15
173,9,11
174,0,16
174,1,12
174,2,6
174,3,16
174,4,17
174,5,11
174,6,23
174,7,13
174,8,15
174,9,19
175,0,10
175,1,18
175,2,14
175,3,7
175,4,14
175,5,12
175,6,17
175,7,15
175,8,17
175,9,14
176,0,10
176,1,14
176,2,15
176,3,12
176,4,11
176,5,15
176,6,15
176,7,14
176,8,13
176,9,10
177,0,9
177,1,14
177,2,15
177,3,13
177,4,11
177,5,12
177,6,16
177,7,15
177,8,13
177,9,16
178,0,10
178,1,12
178,2,13
178,3,13
178,4,12
178,5,15
178,6,12
178,7,10
178,8,13
178,9,14
179,0,16
179,1,14
179,2,12
179,3,19
179,4,16
179,5,19
179,6,16
179,7,14
179,8,13
179,9,12
180,0,12
180,1,16
180,2,24
180,3,14
180,4,11
180,5,16
180,6,15
180,7,10
180,8,11
180,9,11
181,0,13
181,1,15
181,2,16
181,3,14
181,4,8
181,5,13
181,6,17
181,7,13
181,8,16
181,9,15
182,0,11
182,1,16
182,2,15
182,3,9
182,4,18
182,5,18
182,6,17
182,7,15
182,8,16
182,9,12
183,0,20
183,1,16
183,2,19
183,3,12
183,4,12
183,5,14
183,6,13
183,7,19
183,8,16
183,9,12
184,0,10
184,1,11
184,2,15
184,3,10
184,4,11
184,5,15
184,6,15
184,7,11
184,8,12
184,9,16
185,0,11
185,1,16
185,2,11
185,3,13
185,4,14
185,5,17
185,6,14
185,7,14
185,8,13
185,9,16
186,0,14
186,1,11
186,2,14
186,3,12
186,4,13
186,5,12
186,6,17
186,7,14
186,8,13
186,9,18
187,0,15
187,1,11
187,2,13
187,3,15
187,4,12
187,5,13
187,6,13
187,7,10
187,8,12
187,9,16
188,0,11
188,1,11
188,2,10
188,3,11
188,4,20
188,5,19
188,6,15
188,7,9
188,8,14
188,9,17
189,0,14
189,1,16
189,2,14
189,3,18
189,4,10
189,5,13
189,6,14
189,7,8
189,8,15
189,9,12
190,0,13
190,1,16
190,2,15
190,3,13
190,4,13
190,5,14
190,6,13
190,7,14
190,8,15
190,9,14
191,0,12
191,1,17
191,2,12
191,3,5
191,4,14
191,5,17
191,6,19
191,7,10
191,8,15
191,9,25
192,0,14
192,1,15
192,2,15
192,3,15
192,4,15
192,5,19
192,6,14
192,7,15
192,8,11
192,9,14
193,0,10
193,1,15
193,2,15
193,3,12
193,4,11
193,5,12
193,6,15
193,7,17
193,8,15
193,9,15
194,0,12
194,1,12
194,2,18
194,3,16
194,4,15
194,5,17
194,6,13
194,7,12
194,8,13
194,9,15
195,0,13
195,1,11
195,2,14
195,3,15
195,4,14
195,5,17
195,6,17
195,7,13
195,8,10
195,9,19
196,0,17
196,1,16
196,2,16
196,3,13
196,4,14
196,5,20
196,6,16
196,7,15
196,8,13
196,9,17
197,0,12
197,1,14
197,2,9
197,3,15
197,4,15
197,5,17
197,6,14
197,7,13
197,8,15
197,9,16
198,0,12
198,1,13
198,2,13
198,3,18
198,4,17
198,5,15
198,6,15
198,7,16
198,8,13
198,9,24
199,0,15
199,1,13
199,2,7
199,3,11
199,4,13
199,5,12
199,6,15
199,7,14
199,8,15
199,9,12
200,0,10
200,1,15
200,2,14
200,3,18
200,4,8
200,5,15
200,6,14
200,7,16
200,8,9
200,9,10
201,0,11
201,1,13
201,2,21
201,3,16
201,4,17
201,5,18
201,6,13
201,7,18
201,8,16
201,9,20
202,0,15
202,1,12
202,2,10
202,3,18
202,4,20
202,5,18
202,6,14
202,7,17
202,8,10
202,9,14
203,0,15
203,1,14
203,2,13
203,3,17
203,4,17
203,5,19
203,6,17
203,7,12
203,8,14
203,9,14
204,0,7
204,1,15
204,2,15
204,3,10
204,4,12
204,5,14
204,6,12
204,7,13
204,8,16
204,9,15
205,0,14
205,1,16
205,2,13
205,3,12
205,4,13
205,5,12
205,6,16
205,7,10
205,8,15
205,9,13
206,0,15
206,1,16
206,2,17
206,3,18
206,4,16
206,5,13
206,6,21
206,7,12
206,8,13
206,9,14
207,0,16
207,1,12
207,2,13
207,3,19
207,4,12
207,5,15
207,6,19
207,7,15
207,8,14
207,9,14
208,0,14
208,1,12
208,2,14
208,3,15
208,4,9
208,5,12
208,6,17
208,7,16
208,8,13
208,9,16
209,0,15
209,1,15
209,2,18
209,3,14
209,4,15
209,5,17
209,6,15
209,7,16
209,8,11
209,9,12
210,0,18
210,1,18
210,2,21
210,3,20
210,4,20
210,5,21
210,6,20
210,7,19
210,8,20
210,9,23
211,0,15
211,1,19
211,2,16
211,3,12
211,4,16
211,5,15
211,6,15
211,7,18
211,8,15
211,9,21
212,0,13
212,1,14
212,2,20
212,3,14
212,4,17
212,5,17
212,6,19
212,7,10
212,8,16
212,9,17
213,0,13
213,1,18
213,2,19
213,3,13
213,4,19
213,5,21
213,6,17
213,7,14
213,8,16
213,9,15
214,0,13
214,1,16
214,2,17
214,3,10
214,4,15
214,5,16
214,6,19
214,7,14
214,8,14
214,9,16
215,0,17
215,1,10
215,2,5
215,3,18
215,4,15
215,5,13
215,6,14
215,7,12
215,8,10
215,9,17
216,0,11
216,1,16
216,2,11
216,3,16
216,4,13
216,5,15
216,6,10
216,7,11
216,8,12
216,9,15
217,0,12
217,1,15
217,2,14
217,3,14
217,4,12
217,5,14
217,6,15
217,7,12
217,8,15
217,9,11
218,0,17
218,1,15
218,2,13
218,3,15
218,4,13
218,5,18
218,6,13
218,7,19
218,8,15
218,9,11
219,0,18
219,1,16
219,2,12
219,3,18
219,4,12
219,5,18
219,6,14
219,7,14
219,8,15
219,9,14
220,0,11
220,1,11
220,2,13
220,3,13
220,4,17
220,5,17
220,6,17
220,7,14
220,8,13
220,9,17
221,0,13
221,1,20
221,2,17
221,3,18
221,4,19
221,5,17
221,6,18
221,7,15
221,8,16
221,9,20
222,0,10
222,1,14
222,2,14
222,3,12
222,4,11
222,5,21
222,6,12
222,7,10
222,8,15
222,9,14
223,0,18
223,1,13
223,2,13
223,3,11
223,4,21
223,5,22
223,6,15
223,7,17
223,8,12
223,9,20
224,0,7
224,1,14
224,2,21
224,3,16
224,4,15
224,5,19
224,6,13
224,7,8
224,8,14
224,9,17
225,0,14
225,1,14
225,2,21
225,3,14
225,4,16
225,5,19
225,6,16
225,7,15
225,8,12
225,9,16
226,0,13
226,1,15
226,2,13
226,3,11
226,4,13
226,5,19
226,6,11
226,7,15
226,8,12
226,9,15
227,0,10
227,1,15
227,2,17
227,3,14
227,4,13
227,5,15
227,6,16
227,7,12
227,8,13
227,9,12
228,0,13
228,1,12
228,2,15
228,3,14
228,4,16
228,5,14
228,6,15
228,7,12
228,8,15
228,9,17
229,0,12
229,1,12
229,2,9
229,3,14
229,4,13
229,5,10
229,6,12
229,7,11
229,8,15
229,9,12
230,0,17
230,1,14
230,2,19
230,3,13
230,4,16
230,5,19
230,6,15
230,7,16
230,8,17
230,9,18
231,0,15
231,1,13
231,2,16
231,3,16
231,4,18
231,5,20
231,6,12
231,7,18
231,8,13
231,9,16
232,0,7
232,1,11
232,2,15
232,3,20
232,4,13
232,5,19
232,6,10
232,7,9
232,8,14
232,9,16
233,0,12
233,1,19
233,2,14
233,3,16
233,4,15
233,5,16
233,6,13
233,7,15
233,8,13
233,9,13
234,0,9
234,1,15
234,2,16
234,3,6
234,4,16
234,5,18
234,6,15
234,7,14
234,8,14
234,9,19
235,0,10
235,1,14
235,2,17
235,3,11
235,4,14
235,5,14
235,6,12
235,7,10
235,8,12
235,9,8
236,0,13
236,1,15
236,2,17
236,3,17
236,4,21
236,5,20
236,6,16
236,7,19
236,8,10
236,9,19
237,0,18
237,1,14
237,2,15
237,3,16
237,4,17
237,5,20
237,6,16
237,7,19
237,8,14
237,9,13
238,0,10
238,1,10
238,2,13
238,3,16
238,4,11
238,5,21
238,6,13
238,7,15
238,8,14
238,9,16
239,0,16
239,1,12
239,2,17
239,3,11
239,4,15
239,5,18
239,6,19
239,7,17
239,8,11
239,9,16
240,0,15
240,1,12
240,2,17
240,3,14
240,4,11
240,5,17
240,6,18
240,7,15
240,8,11
240,9,17
241,0,13
241,1,15
241,2,15
241,3,16
241,4,19
241,5,13
241,6,19
241,7,18
241,8,18
241,9,15
242,0,12
242,1,16
242,2,14
242,3,11
242,4,14
242,5,19
242,6,16
242,7,12
242,8,15
242,9,14
243,0,12
243,1,13
243,2,18
243,3,13
243,4,16
243,5,16
243,6,9
243,7,11
243,8,12
243,9,13
244,0,7
244,1,16
244,2,16
244,3,16
244,4,13
244,5,18
244,6,13
244,7,13
244,8,14
244,9,17
245,0,13
245,1,13
245,2,19
245,3,15
245,4,16
245,5,20
245,6,13
245,7,17
245,8,20
245,9,17
246,0,14
246,1,9
246,2,15
246,3,17
246,4,14
246,5,17
246,6,16
246,7,19
246,8,15
246,9,14
247,0,15
247,1,16
247,2,16
247,3,11
247,4,11
247,5,18
247,6,13
247,7,9
247,8,17
247,9,11
248,0,17
248,1,18
248,2,18
248,3,14
248,4,15
248,5,20
248,6,16
248,7,15
248,8,16
248,9,14
249,0,16
249,1,18
249,2,16
249,3,14
249,4,16
249,5,15
249,6,14
249,7,14
249,8,14
249,9,17
250,0,12
250,1,12
250,2,12
250,3,12
250,4,11
250,5,16
250,6,11
250,7,12
250,8,12
250,9,16
251,0,10
251,1,19
251,2,13
251,3,15
251,4,22
251,5,20
251,6,15
251,7,16
251,8,13
251,9,14
252,0,12
252,1,14
252,2,18
252,3,13
252,4,13
252,5,16
252,6,17
252,7,13
252,8,14
252,9,16
253,0,9
253,1,11
253,2,7
253,3,12
253,4,10
253,5,14
253,6,13
253,7,8
253,8,14
253,9,14
254,0,7
254,1,17
254,2,16
254,3,13
254,4,10
254,5,11
254,6,14
254,7,11
254,8,16
254,9,15
255,0,12
255,1,16
255,2,16
255,3,10
255,4,17
255,5,16
255,6,13
255,7,10
255,8,18
255,9,18
256,0,14
256,1,11
256,2,10
256,3,14
256,4,15
256,5,21
256,6,14
256,7,13
256,8,16
256,9,17
257,0,17
257,1,18
257,2,15
257,3,16
257,4,16
257,5,15
257,6,17
257,7,14
257,8,15
257,9,17
258,0,9
258,1,17
258,2,15
258,3,15
258,4,7
258,5,9
258,6,10
258,7,9
258,8,17
258,9,9
259,0,11
259,1,13
259,2,16
259,3,12
259,4,13
259,5,14
259,6,19
259,7,10
259,8,13
259,9,18
260,0,14
260,1,15
260,2,15
260,3,14
260,4,15
260,5,15
260,6,15
260,7,14
260,8,15
260,9,15
261,0,16
261,1,12
261,2,14
261,3,14
261,4,15
261,5,22
261,6,15
261,7,15
261,8,15
261,9,15
262,0,11
262,1,16
262,2,21
262,3,13
262,4,18
262,5,18
262,6,17
262,7,12
262,8,14
262,9,20
263,0,9
263,1,17
263,2,16
263,3,13
263,4,14
263,5,18
263,6,16
263,7,13
263,8,12
263,9,13
264,0,10
264,1,15
264,2,13
264,3,18
264,4,18
264,5,16
264,6,18
264,7,13
264,8,14
264,9,15
265,0,6
265,1,12
265,2,6
265,3,13
265,4,15
265,5,9
265,6,11
265,7,14
265,8,10
265,9,13
266,0,15
266,1,13
266,2,13
266,3,13
266,4,15
266,5,18
266,6,17
266,7,16
266,8,16
266,9,17
267,0,18
267,1,15
267,2,16
267,3,11
267,4,10
267,5,14
267,6,15
267,7,16
267,8,18
267,9,11
268,0,13
268,1,12
268,2,9
268,3,12
268,4,20
268,5,18
268,6,13
268,7,15
268,8,12
268,9,19
269,0,10
269,1,15
269,2,14
269,3,14
269,4,14
269,5,16
269,6,14
269,7,8
269,8,11
269,9,13
270,0,10
270,1,18
270,2,20
270,3,13
270,4,13
270,5,19
270,6,13
270,7,19
270,8,14
270,9,16
271,0,17
271,1,14
271,2,15
271,3,16
271,4,13
271,5,16
271,6,16
271,7,19
271,8,13
271,9,18
272,0,8
272,1,15
272,2,17
272,3,14
272,4,15
272,5,14
272,6,17
272,7,16
272,8,11
272,9,12
273,0,18
273,1,18
273,2,19
273,3,17
273,4,14
273,5,18
273,6,14
273,7,16
273,8,15
273,9,13
274,0,17
274,1,12
274,2,17
274,3,11
274,4,16
274,5,17
274,6,17
274,7,13
274,8,17
274,9,20
275,0,16
275,1,21
275,2,19
275,3,16
275,4,12
275,5,17
275,6,19
275,7,14
275,8,17
275,9,14
276,0,13
276,1,13
276,2,14
276,3,18
276,4,21
276,5,22
276,6,10
276,7,7
276,8,12
276,9,17
277,0,12
277,1,12
277,2,17
277,3,19
277,4,9
277,5,15
277,6,13
277,7,11
277,8,17
277,9,11
278,0,16
278,1,14
278,2,17
278,3,12
278,4,15
278,5,10
278,6,19
278,7,20
278,8,11
278,9,19
279,0,9
279,1,13
279,2,10
279,3,14
279,4,17
279,5,16
279,6,13
279,7,17
279,8,14
279,9,19
280,0,15
280,1,22
280,2,17
280,3,10
280,4,15
280,5,14
280,6,16
280,7,13
280,8,11
280,9,12
281,0,10
281,1,16
281,2,13
281,3,13
281,4,18
281,5,11
281,6,18
281,7,17
281,8,15
281,9,17
282,0,8
282,1,12
282,2,14
282,3,12
282,4,13
282,5,17
282,6,15
282,7,15
282,8,15
282,9,13
283,0,14
283,1,14
283,2,14
283,3,11
283,4,11
283,5,15
283,6,13
283,7,11
283,8,13
283,9,14
284,0,13
284,1,10
284,2,9
284,3,16
284,4,12
284,5,19
284,6,12
284,7,14
284,8,13
284,9,14
285,0,11
285,1,11
285,2,13
285,3,12
285,4,17
285,5,12
285,6,17
285,7,14
285,8,14
285,9,12
286,0,13
286,1,12
286,2,15
286,3,17
286,4,14
286,5,15
286,6,17
286,7,19
286,8,14
286,9,14
287,0,14
287,1,14
287,2,18
287,3,13
287,4,14
287,5,18
287,6,15
287,7,15
287,8,13
287,9,13
288,0,14
288,1,16
288,2,10
288,3,19
288,4,15
288,5,13
288,6,13
288,7,15
288,8,13
288,9,13
289,0,18
289,1,17
289,2,16
289,3,15
289,4,13
289,5,12
289,6,14
289,7,16
289,8,14
289,9,15
290,0,16
290,1,12
290,2,14
290,3,14
290,4,22
290,5,17
290,6,14
290,7,14
290,8,14
290,9,14
291,0,13
291,1,16
291,2,19
291,3,15
291,4,16
291,5,17
291,6,14
291,7,14
291,8,17
291,9,14
292,0,14
292,1,16
292,2,16
292,3,12
292,4,13
292,5,21
292,6,14
292,7,16
292,8,17
292,9,19
293,0,10
293,1,15
293,2,14
293,3,16
293,4,15
293,5,17
293,6,15
293,7,13
293,8,15
293,9,16
294,0,15
294,1,12
294,2,22
294,3,13
294,4,11
294,5,16
294,6,15
294,7,16
294,8,11
294,9,12
295,0,12
295,1,13
295,2,19
295,3,16
295,4,15
295,5,18
295,6,13
295,7,15
295,8,14
295,9,14
296,0,17
296,1,18
296,2,13
296,3,15
296,4,12
296,5,7
296,6,18
296,7,20
296,8,15
296,9,17
297,0,8
297,1,14
297,2,13
297,3,10
297,4,15
297,5,13
297,6,12
297,7,14
297,8,15
297,9,11
298,0,16
298,1,14
298,2,13
298,3,15
298,4,16
298,5,17
298,6,14
298,7,17
298,8,18
298,9,17
299,0,10
299,1,14
299,2,16
299,3,15
299,4,14
299,5,18
299,6,16
299,7,16
299,8,15
299,9,13
300,0,12
300,1,17
300,2,18
300,3,17
300,4,10
300,5,16
300,6,13
300,7,13
300,8,15
300,9,11
301,0,11
301,1,15
301,2,15
301,3,12
301,4,14
301,5,10
301,6,15
301,7,12
301,8,19
301,9,12
302,0,13
302,1,14
302,2,17
302,3,11
302,4,21
302,5,22
302,6,17
302,7,9
302,8,9
302,9,20
303,0,14
303,1,18
303,2,15
303,3,9
303,4,15
303,5,16
303,6,15
303,7,14
303,8,17
303,9,13
304,0,13
304,1,15
304,2,18
304,3,8
304,4,14
304,5,15
304,6,11
304,7,12
304,8,14
304,9,13
305,0,17
305,1,12
305,2,22
305,3,13
305,4,14
305,5,18
305,6,13
305,7,15
305,8,13
305,9,16
306,0,15
306,1,13
306,2,17
306,3,15
306,4,20
306,5,19
306,6,17
306,7,17
306,8,13
306,9,20
307,0,11
307,1,15
307,2,13
307,3,14
307,4,19
307,5,16
307,6,14
307,7,10
307,8,11
307,9,16
308,0,17
308,1,15
308,2,16
308,3,14
308,4,15
308,5,19
308,6,14
308,7,14
308,8,16
308,9,17
309,0,14
309,1,14
309,2,11
309,3,14
309,4,12
309,5,12
309,6,11
309,7,8
309,8,12
309,9,13
310,0,11
310,1,14
310,2,9
310,3,12
310,4,16
310,5,14
310,6,16
310,7,14
310,8,8
310,9,12
311,0,20
311,1,17
311,2,19
311,3,14
311,4,19
311,5,21
311,6,18
311,7,15
311,8,13
311,9,15
312,0,9
312,1,15
312,2,9
312,3,16
312,4,13
312,5,9
312,6,13
312,7,15
312,8,14
312,9,15
313,0,15
313,1,10
313,2,13
313,3,14
313,4,13
313,5,14
313,6,15
313,7,11
313,8,13
313,9,15
314,0,17
314,1,24
314,2,18
314,3,17
314,4,18
314,5,18
314,6,20
314,7,18
314,8,18
314,9,20
315,0,10
315,1,14
315,2,12
315,3,14
315,4,14
315,5,20
315,6,14
315,7,10
315,8,13
315,9,13
316,0,15
316,1,12
316,2,10
316,3,11
316,4,16
316,5,15
316,6,15
316,7,16
316,8,12
316,9,13
317,0,12
317,1,10
317,2,12
317,3,19
317,4,16
317,5,11
317,6,12
317,7,15
317,8,15
317,9,12
318,0,16
318,1,12
318,2,13
318,3,14
318,4,19
318,5,15
318,6,10
318,7,15
318,8,18
318,9,17
319,0,15
319,1,17
319,2,21
319,3,12
319,4,14
319,5,19
319,6,16
319,7,16
319,8,15
319,9,19
320,0,16
320,1,17
320,2,15
320,3,14
320,4,10
320,5,12
320,6,15
320,7,14
320,8,15
320,9,12
321,0,20
321,1,17
321,2,16
321,3,15
321,4,18
321,5,18
321,6,12
321,7,16
321,8,20
321,9,18
322,0,15
322,1,17
322,2,19
322,3,15
322,4,14
322,5,18
322,6,17
322,7,17
322,8,15
322,9,19
323,0,10
323,1,13
323,2,14
323,3,11
323,4,17
323,5,16
323,6,13
323,7,13
323,8,13
323,9,12
324,0,12
324,1,11
324,2,14
324,3,12
324,4,16
324,5,19
324,6,13
324,7,14
324,8,14
324,9,16
325,0,17
325,1,17
325,2,16
325,3,11
325,4,17
325,5,18
325,6,18
325,7,18
325,8,13
325,9,18
326,0,11
326,1,14
326,2,20
326,3,17
326,4,15
326,5,18
326,6,12
326,7,16
326,8,14
326,9,15
327,0,12
327,1,12
327,2,14
327,3,17
327,4,14
327,5,20
327,6,17
327,7,19
327,8,13
327,9,14
328,0,7
328,1,12
328,2,24
328,3,17
328,4,14
328,5,19
328,6,15
328,7,12
328,8,16
328,9,18
329,0,14
329,1,16
329,2,14
329,3,14
329,4,18
329,5,22
329,6,14
329,7,16
329,8,15
329,9,17
330,0,11
330,1,14
330,2,15
330,3,11
330,4,13
330,5,15
330,6,13
330,7,13
330,8,13
330,9,14
331,0,16
331,1,17
331,2,12
331,3,13
331,4,13
331,5,10
331,6,19
331,7,13
331,8,15
331,9,15
332,0,12
332,1,15
332,2,9
332,3,11
332,4,17
332,5,16
332,6,13
332,7,15
332,8,15
332,9,13
333,0,15
333,1,16
333,2,14
333,3,15
333,4,18
333,5,18
333,6,15
333,7,15
333,8,15
333,9,17
334,0,13
334,1,13
334,2,17
334,3,18
334,4,13
334,5,17
334,6,12
334,7,11
334,8,14
334,9,18
335,0,19
335,1,15
335,2,14
335,3,21
335,4,17
335,5,16
335,6,17
335,7,15
335,8,18
335,9,14
336,0,8
336,1,14
336,2,11
336,3,13
336,4,15
336,5,15
336,6,12
336,7,15
336,8,13
336,9,14
337,0,15
337,1,16
337,2,17
337,3,11
337,4,13
337,5,15
337,6,19
337,7,15
337,8,14
337,9,17
338,0,17
338,1,15
338,2,13
338,3,13
338,4,19
338,5,20
338,6,17
338,7,12
338,8,10
338,9,16
339,0,15
339,1,17
339,2,20
339,3,14
339,4,14
339,5,18
339,6,17
339,7,18
339,8,15
339,9,20
340,0,12
340,1,11
340,2,15
340,3,14
340,4,19
340,5,19
340,6,14
340,7,12
340,8,13
340,9,21
341,0,19
341,1,18
341,2,9
341,3,16
341,4,13
341,5,17
341,6,18
341,7,14
341,8,11
341,9,16
342,0,14
342,1,14
342,2,15
342,3,11
342,4,15
342,5,17
342,6,15
342,7,15
342,8,12
342,9,14
343,0,13
343,1,16
343,2,13
343,3,13
343,4,10
343,5,16
343,6,13
343,7,15
343,8,17
343,9,19
344,0,7
344,1,11
344,2,16
344,3,7
344,4,17
344,5,19
344,6,13
344,7,7
344,8,18
344,9,17
345,0,10
345,1,15
345,2,15
345,3,12
345,4,15
345,5,15
345,6,14
345,7,12
345,8,11
345,9,15
346,0,14
346,1,14
346,2,12
346,3,13
346,4,16
346,5,12
346,6,16
346,7,19
346,8,13
346,9,15
347,0,13
347,1,13
347,2,12
347,3,13
347,4,16
347,5,19
347,6,14
347,7,13
347,8,10
347,9,17
348,0,18
348,1,15
348,2,9
348,3,10
348,4,15
348,5,14
348,6,16
348,7,14
348,8,12
348,9,19
349,0,14
349,1,18
349,2,11
349,3,13
349,4,17
349,5,22
349,6,14
349,7,17
349,8,16
349,9,18
350,0,11
350,1,11
350,2,11
350,3,15
350,4,13
350,5,17
350,6,12
350,7,15
350,8,11
350,9,13
351,0,15
351,1,12
351,2,17
351,3,12
351,4,17
351,5,17
351,6,15
351,7,19
351,8,17
351,9,15
352,0,12
352,1,15
352,2,9
352,3,17
352,4,19
352,5,13
352,6,15
352,7,12
352,8,20
352,9,15
353,0,15
353,1,10
353,2,19
353,3,14
353,4,11
353,5,17
353,6,18
353,7,15
353,8,14
353,9,14
354,0,13
354,1,16
354,2,19
354,3,13
354,4,19
354,5,23
354,6,18
354,7,17
354,8,14
354,9,16
355,0,12
355,1,14
355,2,14
355,3,13
355,4,11
355,5,18
355,6,15
355,7,12
355,8,18
355,9,16
356,0,13
356,1,14
356,2,17
356,3,12
356,4,14
356,5,18
356,6,14
356,7,16
356,8,16
356,9,15
357,0,7
357,1,18
357,2,11
357,3,12
357,4,18
357,5,17
357,6,16
357,7,10
357,8,14
357,9,11
358,0,13
358,1,14
358,2,11
358,3,14
358,4,17
358,5,13
358,6,14
358,7,15
358,8,14
358,9,20
359,0,13
359,1,12
359,2,8
359,3,12
359,4,12
359,5,15
359,6,17
359,7,18
359,8,12
359,9,12
360,0,14
360,1,11
360,2,20
360,3,10
360,4,12
360,5,23
360,6,16
360,7,17
360,8,14
360,9,15
361,0,13
361,1,13
361,2,15
361,3,16
361,4,19
361,5,13
361,6,17
361,7,12
361,8,16
361,9,20
362,0,16
362,1,16
362,2,15
362,3,15
362,4,17
362,5,13
362,6,16
362,7,12
362,8,14
362,9,18
363,0,16
363,1,14
363,2,15
363,3,15
363,4,14
363,5,10
363,6,16
363,7,12
363,8,12
363,9,17
364,0,15
364,1,15
364,2,18
364,3,12
364,4,13
364,5,19
364,6,10
364,7,16
364,8,12
364,9,15
365,0,16
365,1,15
365,2,23
365,3,11
365,4,14
365,5,14
365,6,16
365,7,14
365,8,14
365,9,11
366,0,12
366,1,13
366,2,9
366,3,18
366,4,14
366,5,13
366,6,13
366,7,15
366,8,15
366,9,14
367,0,16
367,1,16
367,2,15
367,3,17
367,4,14
367,5,16
367,6,13
367,7,12
367,8,14
367,9,15
368,0,11
368,1,9
368,2,14
368,3,18
368,4,15
368,5,17
368,6,11
368,7,16
368,8,15
368,9,11
369,0,14
369,1,15
369,2,15
369,3,18
369,4,16
369,5,17
369,6,15
369,7,13
369,8,14
369,9,16
370,0,14
370,1,13
370,2,15
370,3,9
370,4,15
370,5,21
370,6,12
370,7,16
370,8,16
370,9,16
371,0,12
371,1,18
371,2,17
371,3,11
371,4,18
371,5,19
371,6,16
371,7,10
371,8,16
371,9,17
372,0,11
372,1,16
372,2,19
372,3,15
372,4,11
372,5,20
372,6,15
372,7,13
372,8,15
372,9,12
373,0,17
373,1,12
373,2,12
373,3,16
373,4,10
373,5,12
373,6,13
373,7,11
373,8,12
373,9,11
374,0,15
374,1,13
374,2,8
374,3,16
374,4,18
374,5,17
374,6,13
374,7,18
374,8,15
374,9,15
375,0,8
375,1,13
375,2,8
375,3,9
375,4,20
375,5,15
375,6,15
375,7,8
375,8,10
375,9,17
376,0,14
376,1,9
376,2,5
376,3,11
376,4,11
376,5,14
376,6,13
376,7,15
376,8,8
376,9,13
377,0,15
377,1,15
377,2,24
377,3,16
377,4,20
377,5,18
377,6,19
377,7,15
377,8,14
377,9,15
378,0,17
378,1,16
378,2,12
378,3,17
378,4,10
378,5,12
378,6,15
378,7,15
378,8,14
378,9,12
379,0,18
379,1,16
379,2,19
379,3,16
379,4,13
379,5,18
379,6,19
379,7,16
379,8,16
379,9,17
380,0,16
380,1,15
380,2,13
380,3,13
380,4,16
380,5,16
380,6,10
380,7,13
380,8,9
380,9,15
381,0,12
381,1,14
381,2,18
381,3,11
381,4,15
381,5,18
381,6,16
381,7,14
381,8,16
381,9,15
382,0,18
382,1,14
382,2,8
382,3,16
382,4,20
382,5,21
382,6,16
382,7,16
382,8,12
382,9,21
383,0,10
383,1,16
383,2,16
383,3,13
383,4,13
383,5,17
383,6,15
383,7,13
383,8,12
383,9,15
384,0,9
384,1,15
384,2,17
384,3,11
384,4,16
384,5,18
384,6,13
384,7,13
384,8,13
384,9,15
385,0,15
385,1,18
385,2,12
385,3,16
385,4,10
385,5,14
385,6,16
385,7,14
385,8,18
385,9,16
386,0,13
386,1,16
386,2,19
386,3,13
386,4,13
386,5,16
386,6,12
386,7,12
386,8,11
386,9,12
387,0,16
387,1,16
387,2,14
387,3,16
387,4,18
387,5,18
387,6,17
387,7,22
387,8,19
387,9,15
388,0,14
388,1,16
388,2,20
388,3,18
388,4,15
388,5,20
388,6,14
388,7,17
388,8,14
388,9,16
389,0,10
389,1,10
389,2,12
389,3,14
389,4,17
389,5,16
389,6,16
389,7,13
389,8,15
389,9,15
390,0,13
390,1,13
390,2,18
390,3,10
390,4,17
390,5,19
390,6,16
390,7,12
390,8,17
390,9,11
391,0,12
391,1,11
391,2,10
391,3,14
391,4,10
391,5,15
391,6,12
391,7,9
391,8,15
391,9,11
392,0,14
392,1,12
392,2,12
392,3,14
392,4,19
392,5,18
392,6,12
392,7,11
392,8,12
392,9,15
393,0,13
393,1,11
393,2,11
393,3,15
393,4,9
393,5,8
393,6,11
393,7,11
393,8,14
393,9,11
394,0,9
394,1,13
394,2,13
394,3,14
394,4,13
394,5,15
394,6,15
394,7,15
394,8,13
394,9,17
395,0,12
395,1,20
395,2,14
395,3,15
395,4,11
395,5,12
395,6,13
395,7,11
395,8,13
395,9,10
396,0,11
396,1,13
396,2,9
396,3,13
396,4,11
396,5,9
396,6,19
396,7,12
396,8,9
396,9,18
397,0,9
397,1,13
397,2,10
397,3,12
397,4,15
397,5,18
397,6,13
397,7,13
397,8,13
397,9,19
398,0,17
398,1,16
398,2,18
398,3,12
398,4,16
398,5,18
398,6,17
398,7,14
398,8,12
398,9,18
399,0,16
399,1,16
399,2,18
399,3,14
399,4,15
399,5,17
399,6,18
399,7,18
399,8,13
399,9,18
400,0,12
400,1,14
400,2,11
400,3,12
400,4,20
400,5,16
400,6,17
400,7,12
400,8,14
400,9,16
401,0,7
401,1,13
401,2,14
401,3,12
401,4,11
401,5,12
401,6,12
401,7,8
401,8,13
401,9,15
402,0,14
402,1,14
402,2,11
402,3,18
402,4,21
402,5,16
402,6,18
402,7,12
402,8,9
402,9,19
403,0,11
403,1,15
403,2,13
403,3,11
403,4,9
403,5,10
403,6,14
403,7,12
403,8,11
403,9,12
404,0,12
404,1,10
404,2,14
404,3,7
404,4,13
404,5,14
404,6,17
404,7,15
404,8,18
404,9,18
405,0,14
405,1,12
405,2,18
405,3,12
405,4,18
405,5,19
405,6,14
405,7,15
405,8,16
405,9,18
406,0,8
406,1,18
406,2,8
406,3,10
406,4,15
406,5,17
406,6,17
406,7,10
406,8,14
406,9,19
407,0,17
407,1,13
407,2,17
407,3,16
407,4,19
407,5,21
407,6,18
407,7,16
407,8,17
407,9,17
408,0,14
408,1,15
408,2,10
408,3,17
408,4,16
408,5,17
408,6,19
408,7,12
408,8,12
408,9,20
409,0,15
409,1,19
409,2,13
409,3,14
409,4,14
409,5,12
409,6,17
409,7,14
409,8,18
409,9,11
410,0,13
410,1,9
410,2,13
410,3,18
410,4,15
410,5,15
410,6,15
410,7,13
410,8,14
410,9,16
411,0,15
411,1,15
411,2,19
411,3,8
411,4,12
411,5,20
411,6,17
411,7,13
411,8,17
411,9,17
412,0,13
412,1,21
412,2,14
412,3,14
412,4,15
412,5,17
412,6,13
412,7,14
412,8,17
412,9,12
413,0,13
413,1,16
413,2,12
413,3,15
413,4,14
413,5,13
413,6,15
413,7,11
413,8,11
413,9,15
414,0,11
414,1,16
414,2,19
414,3,16
414,4,17
414,5,16
414,6,11
414,7,14
414,8,14
414,9,18
415,0,12
415,1,13
415,2,16
415,3,15
415,4,24
415,5,22
415,6,13
415,7,11
415,8,15
415,9,17
416,0,12
416,1,15
416,2,12
416,3,13
416,4,14
416,5,21
416,6,13
416,7,11
416,8,13
416,9,14
417,0,11
417,1,14
417,2,16
417,3,17
417,4,11
417,5,8
417,6,14
417,7,17
417,8,13
417,9,11
418,0,9
418,1,11
418,2,11
418,3,10
418,4,12
418,5,17
418,6,14
418,7,15
418,8,12
418,9,17
419,0,12
419,1,15
419,2,19
419,3,13
419,4,15
419,5,9
419,6,14
419,7,12
419,8,15
419,9,13
420,0,14
420,1,14
420,2,15
420,3,13
420,4,15
420,5,18
420,6,16
420,7,11
420,8,9
420,9,18
421,0,16
421,1,16
421,2,16
421,3,13
421,4,16
421,5,15
421,6,18
421,7,12
421,8,13
421,9,14
422,0,19
422,1,16
422,2,11
422,3,18
422,4,10
422,5,21
422,6,15
422,7,15
422,8,16
422,9,15
423,0,10
423,1,17
423,2,15
423,3,13
423,4,18
423,5,18
423,6,14
423,7,15
423,8,13
423,9,18
424,0,13
424,1,16
424,2,7
424,3,16
424,4,15
424,5,22
424,6,17
424,7,13
424,8,18
424,9,18
425,0,15
425,1,16
425,2,19
425,3,20
425,4,19
425,5,21
425,6,19
425,7,16
425,8,15
425,9,13
426,0,6
426,1,12
426,2,14
426,3,12
426,4,12
426,5,14
426,6,12
426,7,8
426,8,10
426,9,14
427,0,11
427,1,11
427,2,15
427,3,13
427,4,10
427,5,17
427,6,17
427,7,11
427,8,14
427,9,17
428,0,13
428,1,16
428,2,13
428,3,11
428,4,16
428,5,18
428,6,15
428,7,15
428,8,14
428,9,14
429,0,12
429,1,12
429,2,14
429,3,14
429,4,15
429,5,20
429,6,12
429,7,15
429,8,10
429,9,14
430,0,15
430,1,16
430,2,13
430,3,10
430,4,14
430,5,12
430,6,14
430,7,15
430,8,19
430,9,15
431,0,10
431,1,15
431,2,10
431,3,13
431,4,16
431,5,18
431,6,18
431,7,12
431,8,16
431,9,13
432,0,14
432,1,11
432,2,21
432,3,18
432,4,10
432,5,15
432,6,11
432,7,14
432,8,12
432,9,14
433,0,12
433,1,16
433,2,20
433,3,12
433,4,15
433,5,18
433,6,12
433,7,10
433,8,15
433,9,17
434,0,18
434,1,15
434,2,10
434,3,11
434,4,18
434,5,16
434,6,17
434,7,16
434,8,10
434,9,15
435,0,9
435,1,14
435,2,12
435,3,12
435,4,20
435,5,16
435,6,11
435,7,12
435,8,10
435,9,16
436,0,12
436,1,14
436,2,11
436,3,15
436,4,15
436,5,16
436,6,17
436,7,10
436,8,13
436,9,16
437,0,9
437,1,14
437,2,12
437,3,14
437,4,13
437,5,16
437,6,10
437,7,6
437,8,7
437,9,13
438,0,9
438,1,16
438,2,16
438,3,11
438,4,12
438,5,18
438,6,11
438,7,14
438,8,11
438,9,14
439,0,12
439,1,14
439,2,15
439,3,14
439,4,12
439,5,18
439,6,14
439,7,12
439,8,11
439,9,15
440,0,16
440,1,14
440,2,17
440,3,14
440,4,12
440,5,15
440,6,14
440,7,15
440,8,13
440,9,14
441,0,13
441,1,10
441,2,10
441,3,10
441,4,13
441,5,17
441,6,11
441,7,12
441,8,10
441,9,14
442,0,11
442,1,13
442,2,13
442,3,15
442,4,16
442,5,19
442,6,15
442,7,16
442,8,20
442,9,14
443,0,16
443,1,15
443,2,18
443,3,15
443,4,14
443,5,16
443,6,11
443,7,11
443,8,16
443,9,12
444,0,15
444,1,18
444,2,19
444,3,14
444,4,11
444,5,14
444,6,14
444,7,11
444,8,15
444,9,13
445,0,18
445,1,11
445,2,15
445,3,10
445,4,15
445,5,20
445,6,11
445,7,18
445,8,14
445,9,14
446,0,9
446,1,12
446,2,15
446,3,14
446,4,9
446,5,19
446,6,12
446,7,11
446,8,12
446,9,12
447,0,13
447,1,12
447,2,16
447,3,14
447,4,15
447,5,19
447,6,15
447,7,12
447,8,11
447,9,15
448,0,11
448,1,14
448,2,18
448,3,12
448,4,17
448,5,21
448,6,15
448,7,12
448,8,15
448,9,20
449,0,11
449,1,15
449,2,11
449,3,13
449,4,17
449,5,15
449,6,12
449,7,10
449,8,10
449,9,16
450,0,11
450,1,13
450,2,8
450,3,16
450,4,18
450,5,20
450,6,18
450,7,15
450,8,11
450,9,21
451,0,13
451,1,13
451,2,13
451,3,14
451,4,14
451,5,16
451,6,11
451,7,13
451,8,13
451,9,13
452,0,15
452,1,15
452,2,16
452,3,12
452,4,13
452,5,18
452,6,17
452,7,18
452,8,14
452,9,15
453,0,11
453,1,15
453,2,11
453,3,13
453,4,18
453,5,17
453,6,12
453,7,13
453,8,12
453,9,16
454,0,14
454,1,14
454,2,21
454,3,14
454,4,16
454,5,22
454,6,12
454,7,18
454,8,11
454,9,14
455,0,9
455,1,17
455,2,14
455,3,11
455,4,15
455,5,18
455,6,16
455,7,11
455,8,14
455,9,16
456,0,17
456,1,8
456,2,18
456,3,11
456,4,19
456,5,17
456,6,16
456,7,22
456,8,9
456,9,14
457,0,13
457,1,15
457,2,19
457,3,16
457,4,17
457,5,14
457,6,13
457,7,9
457,8,9
457,9,13
458,0,13
458,1,13
458,2,17
458,3,9
458,4,17
458,5,14
458,6,21
458,7,7
458,8,13
458,9,16
459,0,12
459,1,17
459,2,12
459,3,12
459,4,10
459,5,13
459,6,16
459,7,13
459,8,18
459,9,12
460,0,17
460,1,14
460,2,16
460,3,16
460,4,10
460,5,14
460,6,15
460,7,22
460,8,14
460,9,17
461,0,14
461,1,12
461,2,17
461,3,10
461,4,13
461,5,16
461,6,19
461,7,13
461,8,14
461,9,15
462,0,11
462,1,11
462,2,17
462,3,14
462,4,12
462,5,17
462,6,12
462,7,13
462,8,13
462,9,15
463,0,7
463,1,9
463,2,14
463,3,10
463,4,14
463,5,19
463,6,13
463,7,12
463,8,7
463,9,15
464,0,11
464,1,15
464,2,14
464,3,16
464,4,21
464,5,22
464,6,13
464,7,14
464,8,15
464,9,19
465,0,15
465,1,13
465,2,12
465,3,15
465,4,10
465,5,16
465,6,12
465,7,14
465,8,13
465,9,11
466,0,13
466,1,15
466,2,11
466,3,15
466,4,14
466,5,15
466,6,12
466,7,11
466,8,15
466,9,14
467,0,7
467,1,10
467,2,14
467,3,11
467,4,11
467,5,18
467,6,11
467,7,8
467,8,11
467,9,19
468,0,10
468,1,14
468,2,18
468,3,14
468,4,15
468,5,19
468,6,11
468,7,17
468,8,18
468,9,12
469,0,15
469,1,13
469,2,14
469,3,17
469,4,12
469,5,15
469,6,12
469,7,14
469,8,11
469,9,14
470,0,11
470,1,13
470,2,10
470,3,14
470,4,11
470,5,15
470,6,18
470,7,11
470,8,13
470,9,18
471,0,12
471,1,16
471,2,18
471,3,16
471,4,16
471,5,14
471,6,15
471,7,12
471,8,15
471,9,16
472,0,8
472,1,11
472,2,8
472,3,17
472,4,10
472,5,10
472,6,13
472,7,10
472,8,15
472,9,11
473,0,11
473,1,12
473,2,15
473,3,12
473,4,11
473,5,13
473,6,13
473,7,11
473,8,9
473,9,7
474,0,13
474,1,15
474,2,13
474,3,9
474,4,20
474,5,12
474,6,16
474,7,12
474,8,16
474,9,16
475,0,13
475,1,18
475,2,18
475,3,16
475,4,12
475,5,14
475,6,12
475,7,16
475,8,17
475,9,16
476,0,12
476,1,15
476,2,15
476,3,9
476,4,12
476,5,13
476,6,16
476,7,16
476,8,11
476,9,11
477,0,12
477,1,16
477,2,16
477,3,13
477,4,15
477,5,15
477,6,12
477,7,15
477,8,16
477,9,12
478,0,10
478,1,16
478,2,17
478,3,18
478,4,16
478,5,18
478,6,12
478,7,13
478,8,14
478,9,14
479,0,11
479,1,14
479,2,11
479,3,15
479,4,16
479,5,15
479,6,14
479,7,15
479,8,12
479,9,15
480,0,15
480,1,16
480,2,15
480,3,14
480,4,15
480,5,17
480,6,20
480,7,16
480,8,19
480,9,16
481,0,10
481,1,16
481,2,14
481,3,13
481,4,13
481,5,13
481,6,15
481,7,6
481,8,15
481,9,12
482,0,12
482,1,11
482,2,15
482,3,13
482,4,11
482,5,13
482,6,14
482,7,18
482,8,14
482,9,14
483,0,14
483,1,13
483,2,13
483,3,10
483,4,19
483,5,22
483,6,10
483,7,13
483,8,12
483,9,17
484,0,14
484,1,12
484,2,15
484,3,14
484,4,16
484,5,20
484,6,12
484,7,11
484,8,13
484,9,16
485,0,7
485,1,9
485,2,14
485,3,14
485,4,6
485,5,16
485,6,9
485,7,12
485,8,10
485,9,9
486,0,16
486,1,12
486,2,18
486,3,13
486,4,17
486,5,17
486,6,17
486,7,12
486,8,17
486,9,16
487,0,15
487,1,10
487,2,10
487,3,17
487,4,17
487,5,13
487,6,18
487,7,9
487,8,9
487,9,20
488,0,16
488,1,14
488,2,19
488,3,16
488,4,13
488,5,13
488,6,17
488,7,15
488,8,15
488,9,13
489,0,19
489,1,11
489,2,21
489,3,17
489,4,19
489,5,20
489,6,11
489,7,18
489,8,11
489,9,17
490,0,11
490,1,14
490,2,14
490,3,11
490,4,16
490,5,20
490,6,10
490,7,9
490,8,10
490,9,12
491,0,13
491,1,13
491,2,12
491,3,13
491,4,10
491,5,16
491,6,12
491,7,9
491,8,15
491,9,11
492,0,17
492,1,15
492,2,18
492,3,14
492,4,12
492,5,16
492,6,14
492,7,15
492,8,12
492,9,16
493,0,14
493,1,11
493,2,12
493,3,13
493,4,11
493,5,12
493,6,14
493,7,16
493,8,16
493,9,13
494,0,11
494,1,13
494,2,20
494,3,13
494,4,14
494,5,19
494,6,17
494,7,10
494,8,15
494,9,18
495,0,14
495,1,14
495,2,18
495,3,11
495,4,15
495,5,17
495,6,13
495,7,15
495,8,17
495,9,14
496,0,12
496,1,13
496,2,17
496,3,14
496,4,18
496,5,17
496,6,14
496,7,11
496,8,15
496,9,14
497,0,14
497,1,14
497,2,17
497,3,14
497,4,17
497,5,12
497,6,19
497,7,12
497,8,13
497,9,16
498,0,13
498,1,10
498,2,17
498,3,11
498,4,13
498,5,17
498,6,11
498,7,15
498,8,15
498,9,15
499,0,10
499,1,15
499,2,14
499,3,16
499,4,14
499,5,18
499,6,15
499,7,10
499,8,15
499,9,16
500,0,15
500,1,15
500,2,18
500,3,15
500,4,16
500,5,17
500,6,19
500,7,14
500,8,12
500,9,20
501,0,15
501,1,14
501,2,15
501,3,17
501,4,13
501,5,21
501,6,14
501,7,13
501,8,13
501,9,22
502,0,9
502,1,17
502,2,17
502,3,14
502,4,11
502,5,18
502,6,14
502,7,12
502,8,14
502,9,15
503,0,12
503,1,18
503,2,11
503,3,15
503,4,15
503,5,17
503,6,17
503,7,9
503,8,12
503,9,19
504,0,18
504,1,10
504,2,10
504,3,17
504,4,16
504,5,11
504,6,16
504,7,16
504,8,15
504,9,9
505,0,11
505,1,14
505,2,17
505,3,10
505,4,14
505,5,17
505,6,15
505,7,10
505,8,13
505,9,21
506,0,13
506,1,13
506,2,13
506,3,11
506,4,10
506,5,12
506,6,12
506,7,14
506,8,11
506,9,11
507,0,16
507,1,13
507,2,13
507,3,11
507,4,17
507,5,14
507,6,13
507,7,13
507,8,18
507,9,19
508,0,11
508,1,11
508,2,23
508,3,14
508,4,11
508,5,18
508,6,12
508,7,16
508,8,15
508,9,17
509,0,19
509,1,17
509,2,7
509,3,12
509,4,20
509,5,22
509,6,9
509,7,16
509,8,17
509,9,19
510,0,17
510,1,17
510,2,16
510,3,14
510,4,13
510,5,15
510,6,17
510,7,17
510,8,15
510,9,13
511,0,11
511,1,13
511,2,13
511,3,13
511,4,14
511,5,18
511,6,16
511,7,15
511,8,16
511,9,15
512,0,11
512,1,12
512,2,11
512,3,5
512,4,19
512,5,17
512,6,14
512,7,11
512,8,9
512,9,14
513,0,13
513,1,18
513,2,14
513,3,13
513,4,11
513,5,14
513,6,14
513,7,14
513,8,13
513,9,11
514,0,10
514,1,9
514,2,12
514,3,15
514,4,15
514,5,16
514,6,13
514,7,11
514,8,16
514,9,16
515,0,11
515,1,18
515,2,18
515,3,15
515,4,14
515,5,15
515,6,15
515,7,12
515,8,13
515,9,15
516,0,22
516,1,19
516,2,14
516,3,20
516,4,11
516,5,17
516,6,18
516,7,20
516,8,13
516,9,16
517,0,18
517,1,18
517,2,19
517,3,11
517,4,21
517,5,20
517,6,17
517,7,14
517,8,9
517,9,16
518,0,12
518,1,14
518,2,14
518,3,10
518,4,18
518,5,17
518,6,16
518,7,16
518,8,9
518,9,15
519,0,13
519,1,13
519,2,10
519,3,16
519,4,9
519,5,14
519,6,18
519,7,12
519,8,11
519,9,16
520,0,16
520,1,13
520,2,12
520,3,14
520,4,15
520,5,15
520,6,15
520,7,15
520,8,13
520,9,15
521,0,13
521,1,15
521,2,11
521,3,14
521,4,20
521,5,19
521,6,17
521,7,13
521,8,7
521,9,21
522,0,15
522,1,14
522,2,16
522,3,10
522,4,13
522,5,13
522,6,17
522,7,17
522,8,13
522,9,14
523,0,11
523,1,13
523,2,9
523,3,16
523,4,13
523,5,17
523,6,9
523,7,16
523,8,11
523,9,14
524,0,15
524,1,13
524,2,16
524,3,10
524,4,10
524,5,14
524,6,12
524,7,20
524,8,9
524,9,11
525,0,15
525,1,11
525,2,18
525,3,11
525,4,17
525,5,16
525,6,17
525,7,14
525,8,15
525,9,16
526,0,10
526,1,15
526,2,15
526,3,15
526,4,17
526,5,14
526,6,16
526,7,18
526,8,16
526,9,15
527,0,14
527,1,9
527,2,17
527,3,21
527,4,15
527,5,16
527,6,15
527,7,15
527,8,16
527,9,16
528,0,10
528,1,14
528,2,13
528,3,13
528,4,16
528,5,14
528,6,14
528,7,9
528,8,12
528,9,11
529,0,14
529,1,11
529,2,19
529,3,13
529,4,8
529,5,12
529,6,10
529,7,15
529,8,13
529,9,12
530,0,20
530,1,13
530,2,17
530,3,10
530,4,17
530,5,14
530,6,13
530,7,10
530,8,15
530,9,17
531,0,14
531,1,16
531,2,25
531,3,13
531,4,12
531,5,15
531,6,13
531,7,10
531,8,16
531,9,12
532,0,18
532,1,17
532,2,16
532,3,15
532,4,12
532,5,19
532,6,14
532,7,12
532,8,14
532,9,13
533,0,15
533,1,14
533,2,19
533,3,13
533,4,14
533,5,15
533,6,13
533,7,12
533,8,11
533,9,11
534,0,13
534,1,13
534,2,11
534,3,9
534,4,16
534,5,19
534,6,13
534,7,18
534,8,14
534,9,17
535,0,17
535,1,20
535,2,20
535,3,20
535,4,13
535,5,21
535,6,17
535,7,19
535,8,19
535,9,15
536,0,16
536,1,18
536,2,12
536,3,17
536,4,12
536,5,13
536,6,18
536,7,20
536,8,14
536,9,17
537,0,17
537,1,12
537,2,22
537,3,13
537,4,11
537,5,14
537,6,16
537,7,13
537,8,16
537,9,17
538,0,11
538,1,16
538,2,13
538,3,11
538,4,20
538,5,18
538,6,16
538,7,12
538,8,12
538,9,20
539,0,17
539,1,14
539,2,20
539,3,14
539,4,19
539,5,12
539,6,17
539,7,13
539,8,13
539,9,14
540,0,13
540,1,17
540,2,16
540,3,17
540,4,15
540,5,16
540,6,22
540,7,17
540,8,12
540,9,20
541,0,11
541,1,14
541,2,10
541,3,15
541,4,16
541,5,17
541,6,12
541,7,14
541,8,13
541,9,16
542,0,17
542,1,14
542,2,21
542,3,14
542,4,16
542,5,18
542,6,16
542,7,16
542,8,15
542,9,15
543,0,11
543,1,18
543,2,19
543,3,11
543,4,19
543,5,17
543,6,19
543,7,11
543,8,14
543,9,18
544,0,13
544,1,15
544,2,14
544,3,11
544,4,18
544,5,15
544,6,13
544,7,16
544,8,15
544,9,19
545,0,14
545,1,15
545,2,12
545,3,20
545,4,19
545,5,16
545,6,19
545,7,9
545,8,16
545,9,19
546,0,15
546,1,15
546,2,17
546,3,19
546,4,14
546,5,19
546,6,21
546,7,13
546,8,14
546,9,16
547,0,17
547,1,16
547,2,16
547,3,13
547,4,9
547,5,13
547,6,16
547,7,13
547,8,13
547,9,17
548,0,9
548,1,10
548,2,17
548,3,12
548,4,11
548,5,13
548,6,11
548,7,13
548,8,12
548,9,13
549,0,10
549,1,16
549,2,16
549,3,12
549,4,13
549,5,19
549,6,13
549,7,10
549,8,14
549,9,11
550,0,17
550,1,13
550,2,19
550,3,9
550,4,13
550,5,20
550,6,14
550,7,19
550,8,15
550,9,19
551,0,9
551,1,10
551,2,9
551,3,11
551,4,16
551,5,19
551,6,13
551,7,7
551,8,16
551,9,18
552,0,18
552,1,13
552,2,21
552,3,17
552,4,17
552,5,16
552,6,17
552,7,18
552,8,11
552,9,16
553,0,16
553,1,13
553,2,16
553,3,12
553,4,14
553,5,19
553,6,15
553,7,13
553,8,14
553,9,17
554,0,12
554,1,16
554,2,17
554,3,11
554,4,15
554,5,15
554,6,15
554,7,11
554,8,13
554,9,14
555,0,7
555,1,14
555,2,10
555,3,9
555,4,16
555,5,21
555,6,14
555,7,11
555,8,9
555,9,15
556,0,10
556,1,12
556,2,8
556,3,14
556,4,17
556,5,18
556,6,9
556,7,11
556,8,11
556,9,15
557,0,16
557,1,15
557,2,15
557,3,13
557,4,15
557,5,16
557,6,14
557,7,16
557,8,15
557,9,19
558,0,11
558,1,13
558,2,11
558,3,13
558,4,14
558,5,17
558,6,18
558,7,13
558,8,13
558,9,15
559,0,8
559,1,8
559,2,9
559,3,10
559,4,15
559,5,15
559,6,13
559,7,11
559,8,12
559,9,18
560,0,13
560,1,13
560,2,16
560,3,13
560,4,19
560,5,21
560,6,23
560,7,12
560,8,16
560,9,23
561,0,14
561,1,14
561,2,16
561,3,18
561,4,12
561,5,14
561,6,17
561,7,15
561,8,17
561,9,15
562,0,14
562,1,11
562,2,11
562,3,13
562,4,15
562,5,14
562,6,15
562,7,10
562,8,11
562,9,16
563,0,17
563,1,11
563,2,14
563,3,15
563,4,17
563,5,13
563,6,13
563,7,18
563,8,16
563,9,13
564,0,15
564,1,8
564,2,17
564,3,10
564,4,15
564,5,16
564,6,14
564,7,16
564,8,10
564,9,12
565,0,17
565,1,15
565,2,10
565,3,15
565,4,12
565,5,16
565,6,22
565,7,13
565,8,14
565,9,15
566,0,14
566,1,14
566,2,12
566,3,13
566,4,11
566,5,15
566,6,12
566,7,14
566,8,16
566,9,12
567,0,13
567,1,11
567,2,10
567,3,13
567,4,14
567,5,11
567,6,16
567,7,15
567,8,12
567,9,15
568,0,11
568,1,12
568,2,11
568,3,11
568,4,16
568,5,18
568,6,12
568,7,8
568,8,14
568,9,19
569,0,16
569,1,12
569,2,17
569,3,16
569,4,16
569,5,14
569,6,12
569,7,15
569,8,10
569,9,17
570,0,13
570,1,6
570,2,12
570,3,14
570,4,17
570,5,19
570,6,16
570,7,13
570,8,12
570,9,17
571,0,13
571,1,14
571,2,8
571,3,14
571,4,22
571,5,17
571,6,15
571,7,15
571,8,14
571,9,18
572,0,15
572,1,13
572,2,11
572,3,11
572,4,12
572,5,11
572,6,13
572,7,16
572,8,11
572,9,13
573,0,13
573,1,14
573,2,11
573,3,12
573,4,13
573,5,13
573,6,12
573,7,14
573,8,11
573,9,13
574,0,14
574,1,17
574,2,13
574,3,7
574,4,15
574,5,11
574,6,14
574,7,11
574,8,16
574,9,11
575,0,16
575,1,16
575,2,16
575,3,13
575,4,17
575,5,14
575,6,16
575,7,15
575,8,17
575,9,14
576,0,15
576,1,16
576,2,12
576,3,15
576,4,11
576,5,14
576,6,18
576,7,19
576,8,17
576,9,12
577,0,17
577,1,13
577,2,14
577,3,13
577,4,18
577,5,14
577,6,12
577,7,14
577,8,9
577,9,19
578,0,11
578,1,12
578,2,10
578,3,12
578,4,19
578,5,17
578,6,12
578,7,12
578,8,12
578,9,17
579,0,11
579,1,17
579,2,16
579,3,17
579,4,12
579,5,16
579,6,14
579,7,10
579,8,12
579,9,15
580,0,14
580,1,14
580,2,16
580,3,14
580,4,10
580,5,17
580,6,13
580,7,13
580,8,12
580,9,11
581,0,11
581,1,19
581,2,18
581,3,13
581,4,18
581,5,20
581,6,11
581,7,19
581,8,13
581,9,15
582,0,16
582,1,17
582,2,17
582,3,15
582,4,15
582,5,14
582,6,10
582,7,15
582,8,13
582,9,17
583,0,18
583,1,15
583,2,20
583,3,14
583,4,14
583,5,13
583,6,15
583,7,18
583,8,13
583,9,15
584,0,9
584,1,11
584,2,11
584,3,12
584,4,12
584,5,16
584,6,14
584,7,14
584,8,14
584,9,16
585,0,9
585,1,13
585,2,15
585,3,14
585,4,17
585,5,21
585,6,12
585,7,13
585,8,16
585,9,18
586,0,14
586,1,20
586,2,16
586,3,10
586,4,18
586,5,17
586,6,9
586,7,14
586,8,18
586,9,20
587,0,14
587,1,14
587,2,11
587,3,20
587,4,15
587,5,13
587,6,12
587,7,15
587,8,14
587,9,15
588,0,16
588,1,14
588,2,10
588,3,12
588,4,15
588,5,20
588,6,14
588,7,13
588,8,12
588,9,16
589,0,18
589,1,19
589,2,20
589,3,13
589,4,8
589,5,19
589,6,18
589,7,16
589,8,9
589,9,12
590,0,17
590,1,17
590,2,19
590,3,16
590,4,18
590,5,18
590,6,16
590,7,15
590,8,16
590,9,15
591,0,17
591,1,16
591,2,17
591,3,11
591,4,18
591,5,18
591,6,15
591,7,14
591,8,17
591,9,13
592,0,16
592,1,16
592,2,18
592,3,12
592,4,9
592,5,17
592,6,17
592,7,16
592,8,14
592,9,15
593,0,12
593,1,14
593,2,15
593,3,13
593,4,17
593,5,13
593,6,13
593,7,14
593,8,12
593,9,13
594,0,14
594,1,10
594,2,16
594,3,11
594,4,21
594,5,17
594,6,15
594,7,11
594,8,9
594,9,18
595,0,12
595,1,16
595,2,12
595,3,16
595,4,14
595,5,10
595,6,14
595,7,12
595,8,11
595,9,14
596,0,11
596,1,12
596,2,12
596,3,13
596,4,15
596,5,17
596,6,10
596,7,17
596,8,12
596,9,12
597,0,16
597,1,12
597,2,14
597,3,15
597,4,18
597,5,18
597,6,15
597,7,14
597,8,13
597,9,14
598,0,12
598,1,12
598,2,12
598,3,13
598,4,15
598,5,15
598,6,14
598,7,14
598,8,16
598,9,15
599,0,17
599,1,14
599,2,19
599,3,15
599,4,12
599,5,20
599,6,14
599,7,16
599,8,15
599,9,16
600,0,12
600,1,19
600,2,18
600,3,13
600,4,16
600,5,16
600,6,15
600,7,17
600,8,12
600,9,15
601,0,12
601,1,12
601,2,14
601,3,9
601,4,16
601,5,16
601,6,13
601,7,12
601,8,14
601,9,20
602,0,12
602,1,12
602,2,18
602,3,16
602,4,10
602,5,14
602,6,12
602,7,6
602,8,16
602,9,14
603,0,16
603,1,16
603,2,17
603,3,13
603,4,13
603,5,16
603,6,16
603,7,16
603,8,14
603,9,15
604,0,17
604,1,9
604,2,18
604,3,15
604,4,17
604,5,20
604,6,16
604,7,18
604,8,8
604,9,16
605,0,11
605,1,14
605,2,11
605,3,10
605,4,12
605,5,14
605,6,18
605,7,17
605,8,19
605,9,19
606,0,7
606,1,7
606,2,10
606,3,15
606,4,10
606,5,12
606,6,13
606,7,12
606,8,12
606,9,13
607,0,14
607,1,14
607,2,14
607,3,9
607,4,16
607,5,18
607,6,13
607,7,16
607,8,14
607,9,12
608,0,18
608,1,9
608,2,19
608,3,19
608,4,13
608,5,15
608,6,20
608,7,17
608,8,15
608,9,16
609,0,14
609,1,15
609,2,17
609,3,13
609,4,12
609,5,15
609,6,17
609,7,12
609,8,15
609,9,15
610,0,11
610,1,16
610,2,16
610,3,13
610,4,17
610,5,15
610,6,14
610,7,12
610,8,13
610,9,16
611,0,14
611,1,11
611,2,17
611,3,15
611,4,13
611,5,21
611,6,14
611,7,16
611,8,15
611,9,16
612,0,9
612,1,19
612,2,17
612,3,17
612,4,13
612,5,21
612,6,17
612,7,14
612,8,14
612,9,15
613,0,14
613,1,14
613,2,17
613,3,19
613,4,13
613,5,16
613,6,17
613,7,16
613,8,14
613,9,13
614,0,13
614,1,16
614,2,15
614,3,9
614,4,8
614,5,13
614,6,18
614,7,18
614,8,12
614,9,13
615,0,10
615,1,15
615,2,17
615,3,11
615,4,13
615,5,13
615,6,12
615,7,12
615,8,14
615,9,14
616,0,11
616,1,14
616,2,13
616,3,15
616,4,13
616,5,9
616,6,15
616,7,15
616,8,13
616,9,11
617,0,16
617,1,16
617,2,20
617,3,16
617,4,14
617,5,16
617,6,23
617,7,15
617,8,18
617,9,17
618,0,18
618,1,13
618,2,18
618,3,12
618,4,17
618,5,20
618,6,18
618,7,16
618,8,11
618,9,13
619,0,12
619,1,15
619,2,11
619,3,14
619,4,14
619,5,13
619,6,17
619,7,12
619,8,15
619,9,16
620,0,14
620,1,14
620,2,14
620,3,12
620,4,15
620,5,11
620,6,17
620,7,11
620,8,12
620,9,15
621,0,9
621,1,17
621,2,11
621,3,15
621,4,8
621,5,13
621,6,11
621,7,14
621,8,12
621,9,13
622,0,16
622,1,18
622,2,17
622,3,13
622,4,13
622,5,18
622,6,15
622,7,19
622,8,19
622,9,16
623,0,13
623,1,13
623,2,9
623,3,16
623,4,15
623,5,17
623,6,15
623,7,12
623,8,15
623,9,20
624,0,17
624,1,13
624,2,16
624,3,11
624,4,11
624,5,17
624,6,14
624,7,12
624,8,16
624,9,10
625,0,15
625,1,13
625,2,13
625,3,9
625,4,14
625,5,18
625,6,13
625,7,16
625,8,11
625,9,18
626,0,12
626,1,14
626,2,15
626,3,12
626,4,16
626,5,18
626,6,15
626,7,15
626,8,14
626,9,13
627,0,12
627,1,17
627,2,14
627,3,12
627,4,20
627,5,18
627,6,14
627,7,13
627,8,11
627,9,22
628,0,13
628,1,17
628,2,17
628,3,16
628,4,13
628,5,15
628,6,11
628,7,16
628,8,13
628,9,10
629,0,14
629,1,13
629,2,14
629,3,13
629,4,12
629,5,18
629,6,14
629,7,16
629,8,12
629,9,11
630,0,15
630,1,16
630,2,15
630,3,14
630,4,18
630,5,20
630,6,13
630,7,14
630,8,15
630,9,12
631,0,14
631,1,19
631,2,17
631,3,12
631,4,17
631,5,21
631,6,14
631,7,14
631,8,14
631,9,16
632,0,13
632,1,16
632,2,14
632,3,14
632,4,15
632,5,14
632,6,13
632,7,12
632,8,12
632,9,13
633,0,11
633,1,11
633,2,7
633,3,9
633,4,16
633,5,14
633,6,15
633,7,14
633,8,17
633,9,18
634,0,15
634,1,14
634,2,13
634,3,9
634,4,12
634,5,15
634,6,14
634,7,14
634,8,16
634,9,16
635,0,15
635,1,13
635,2,12
635,3,9
635,4,18
635,5,13
635,6,12
635,7,13
635,8,15
635,9,18
636,0,17
636,1,13
636,2,16
636,3,12
636,4,14
636,5,14
636,6,14
636,7,16
636,8,13
636,9,16
637,0,14
637,1,15
637,2,15
637,3,14
637,4,20
637,5,18
637,6,15
637,7,14
637,8,17
637,9,15
638,0,11
638,1,16
638,2,15
638,3,15
638,4,16
638,5,15
638,6,15
638,7,17
638,8,15
638,9,15
639,0,8
639,1,13
639,2,13
639,3,16
639,4,12
639,5,13
639,6,14
639,7,8
639,8,15
639,9,13
640,0,17
640,1,14
640,2,19
640,3,7
640,4,17
640,5,19
640,6,15
640,7,16
640,8,14
640,9,19
641,0,10
641,1,15
641,2,11
641,3,17
641,4,14
641,5,13
641,6,16
641,7,14
641,8,16
641,9,15
642,0,11
642,1,13
642,2,10
642,3,11
642,4,20
642,5,17
642,6,19
642,7,16
642,8,11
642,9,20
643,0,17
643,1,13
643,2,17
643,3,10
643,4,10
643,5,16
643,6,19
643,7,12
643,8,15
643,9,13
644,0,11
644,1,12
644,2,14
644,3,14
644,4,16
644,5,17
644,6,15
644,7,17
644,8,20
644,9,16
645,0,15
645,1,17
645,2,15
645,3,12
645,4,16
645,5,17
645,6,20
645,7,16
645,8,11
645,9,16
646,0,8
646,1,12
646,2,12
646,3,17
646,4,10
646,5,14
646,6,13
646,7,11
646,8,11
646,9,15
647,0,14
647,1,10
647,2,12
647,3,10
647,4,17
647,5,19
647,6,15
647,7,11
647,8,9
647,9,17
648,0,15
648,1,15
648,2,9
648,3,15
648,4,21
648,5,17
648,6,13
648,7,11
648,8,12
648,9,21
649,0,17
649,1,13
649,2,15
649,3,14
649,4,15
649,5,16
649,6,15
649,7,18
649,8,15
649,9,13
650,0,15
650,1,14
650,2,8
650,3,17
650,4,12
650,5,15
650,6,16
650,7,15
650,8,16
650,9,12
651,0,10
651,1,16
651,2,19
651,3,14
651,4,14
651,5,15
651,6,16
651,7,11
651,8,17
651,9,18
652,0,12
652,1,10
652,2,12
652,3,11
652,4,12
652,5,14
652,6,14
652,7,13
652,8,12
652,9,16
653,0,14
653,1,15
653,2,14
653,3,16
653,4,13
653,5,15
653,6,17
653,7,15
653,8,16
653,9,16
654,0,12
654,1,14
654,2,15
654,3,17
654,4,12
654,5,16
654,6,15
654,7,14
654,8,12
654,9,15
655,0,8
655,1,17
655,2,14
655,3,12
655,4,18
655,5,19
655,6,12
655,7,11
655,8,13
655,9,17
656,0,21
656,1,14
656,2,22
656,3,19
656,4,23
656,5,22
656,6,19
656,7,17
656,8,16
656,9,19
657,0,9
657,1,14
657,2,14
657,3,10
657,4,11
657,5,19
657,6,14
657,7,12
657,8,13
657,9,16
658,0,15
658,1,17
658,2,15
658,3,13
658,4,12
658,5,15
658,6,13
658,7,13
658,8,17
658,9,12
659,0,10
659,1,16
659,2,21
659,3,17
659,4,16
659,5,16
659,6,12
659,7,12
659,8,11
659,9,12
660,0,16
660,1,14
660,2,16
660,3,12
660,4,14
660,5,19
660,6,15
660,7,16
660,8,10
660,9,16
661,0,13
661,1,14
661,2,10
661,3,15
661,4,14
661,5,15
661,6,12
661,7,13
661,8,10
661,9,11
662,0,10
662,1,11
662,2,12
662,3,12
662,4,14
662,5,18
662,6,16
662,7,16
662,8,11
662,9,17
663,0,16
663,1,15
663,2,13
663,3,15
663,4,13
663,5,14
663,6,14
663,7,13
663,8,14
663,9,14
664,0,14
664,1,15
664,2,12
664,3,11
664,4,15
664,5,17
664,6,16
664,7,8
664,8,16
664,9,16
665,0,17
665,1,18
665,2,19
665,3,14
665,4,14
665,5,13
665,6,19
665,7,19
665,8,16
665,9,17
666,0,14
666,1,12
666,2,18
666,3,14
666,4,8
666,5,14
666,6,14
666,7,12
666,8,15
666,9,14
667,0,16
667,1,11
667,2,14
667,3,11
667,4,10
667,5,8
667,6,13
667,7,16
667,8,13
667,9,11
668,0,8
668,1,14
668,2,18
668,3,15
668,4,13
668,5,11
668,6,12
668,7,12
668,8,13
668,9,11
669,0,12
669,1,17
669,2,15
669,3,15
669,4,14
669,5,14
669,6,16
669,7,13
669,8,14
669,9,13
670,0,15
670,1,15
670,2,15
670,3,15
670,4,12
670,5,13
670,6,11
670,7,15
670,8,14
670,9,8
671,0,17
671,1,13
671,2,17
671,3,17
671,4,19
671,5,17
671,6,20
671,7,19
671,8,12
671,9,18
672,0,11
672,1,16
672,2,14
672,3,18
672,4,17
672,5,15
672,6,20
672,7,15
672,8,15
672,9,17
673,0,11
673,1,14
673,2,15
673,3,14
673,4,14
673,5,13
673,6,16
673,7,15
673,8,17
673,9,13
674,0,10
674,1,13
674,2,17
674,3,12
674,4,12
674,5,21
674,6,12
674,7,10
674,8,13
674,9,13
675,0,15
675,1,18
675,2,12
675,3,16
675,4,20
675,5,18
675,6,17
675,7,12
675,8,13
675,9,21
676,0,10
676,1,13
676,2,10
676,3,10
676,4,11
676,5,15
676,6,11
676,7,10
676,8,11
676,9,12
677,0,17
677,1,12
677,2,11
677,3,18
677,4,15
677,5,18
677,6,15
677,7,15
677,8,11
677,9,12
678,0,17
678,1,16
678,2,14
678,3,12
678,4,12
678,5,13
678,6,18
678,7,16
678,8,18
678,9,11
679,0,11
679,1,15
679,2,17
679,3,16
679,4,15
679,5,15
679,6,15
679,7,15
679,8,12
679,9,14
680,0,19
680,1,19
680,2,15
680,3,15
680,4,16
680,5,15
680,6,15
680,7,18
680,8,15
680,9,11
681,0,13
681,1,20
681,2,17
681,3,12
681,4,11
681,5,13
681,6,20
681,7,15
681,8,17
681,9,13
682,0,11
682,1,16
682,2,14
682,3,14
682,4,13
682,5,18
682,6,15
682,7,17
682,8,14
682,9,15
683,0,13
683,1,14
683,2,13
683,3,14
683,4,21
683,5,18
683,6,13
683,7,14
683,8,17
683,9,21
684,0,12
684,1,10
684,2,11
684,3,10
684,4,11
684,5,16
684,6,14
684,7,14
684,8,11
684,9,14
685,0,15
685,1,15
685,2,12
685,3,12
685,4,14
685,5,11
685,6,18
685,7,15
685,8,16
685,9,15
686,0,14
686,1,15
686,2,16
686,3,11
686,4,15
686,5,15
686,6,15
686,7,14
686,8,16
686,9,16
687,0,16
687,1,14
687,2,16
687,3,13
687,4,18
687,5,19
687,6,18
687,7,10
687,8,15
687,9,16
688,0,11
688,1,12
688,2,13
688,3,13
688,4,16
688,5,18
688,6,14
688,7,10
688,8,13
688,9,18
689,0,16
689,1,12
689,2,17
689,3,14
689,4,19
689,5,19
689,6,19
689,7,17
689,8,16
689,9,13
690,0,16
690,1,10
690,2,19
690,3,14
690,4,14
690,5,18
690,6,17
690,7,15
690,8,11
690,9,16
691,0,15
691,1,17
691,2,13
691,3,15
691,4,16
691,5,16
691,6,19
691,7,12
691,8,17
691,9,17
692,0,15
692,1,17
692,2,22
692,3,16
692,4,11
692,5,16
692,6,15
692,7,16
692,8,15
692,9,15
693,0,14
693,1,15
693,2,16
693,3,13
693,4,13
693,5,18
693,6,14
693,7,14
693,8,10
693,9,16
694,0,16
694,1,18
694,2,19
694,3,20
694,4,10
694,5,14
694,6,16
694,7,12
694,8,18
694,9,15
695,0,16
695,1,17
695,2,18
695,3,11
695,4,10
695,5,15
695,6,18
695,7,17
695,8,16
695,9,11
696,0,13
696,1,14
696,2,12
696,3,10
696,4,9
696,5,12
696,6,11
696,7,10
696,8,12
696,9,14
697,0,8
697,1,13
697,2,15
697,3,15
697,4,10
697,5,20
697,6,13
697,7,9
697,8,10
697,9,12
698,0,17
698,1,12
698,2,15
698,3,13
698,4,18
698,5,20
698,6,15
698,7,17
698,8,13
698,9,22
699,0,14
699,1,13
699,2,10
699,3,12
699,4,9
699,5,16
699,6,11
699,7,11
699,8,13
699,9,14
700,0,8
700,1,11
700,2,11
700,3,14
700,4,18
700,5,18
700,6,12
700,7,12
700,8,12
700,9,16
701,0,19
701,1,15
701,2,13
701,3,16
701,4,16
701,5,14
701,6,14
701,7,16
701,8,15
701,9,15
702,0,17
702,1,18
702,2,21
702,3,15
702,4,15
702,5,19
702,6,21
702,7,15
702,8,15
702,9,21
703,0,14
703,1,13
703,2,14
703,3,17
703,4,19
703,5,13
703,6,12
703,7,20
703,8,16
703,9,17
704,0,17
704,1,13
704,2,15
704,3,10
704,4,15
704,5,18
704,6,12
704,7,18
704,8,10
704,9,14
705,0,16
705,1,17
705,2,20
705,3,14
705,4,12
705,5,15
705,6,17
705,7,16
705,8,18
705,9,11
706,0,15
706,1,18
706,2,18
706,3,16
706,4,9
706,5,17
706,6,14
706,7,15
706,8,17
706,9,15
707,0,11
707,1,18
707,2,14
707,3,16
707,4,14
707,5,13
707,6,19
707,7,10
707,8,17
707,9,13
708,0,12
708,1,14
708,2,16
708,3,12
708,4,14
708,5,12
708,6,18
708,7,16
708,8,13
708,9,13
709,0,15
709,1,18
709,2,15
709,3,14
709,4,14
709,5,14
709,6,18
709,7,14
709,8,16
709,9,14
710,0,13
710,1,11
710,2,16
710,3,17
710,4,13
710,5,17
710,6,11
710,7,14
710,8,13
710,9,12
711,0,10
711,1,12
711,2,9
711,3,9
711,4,13
711,5,16
711,6,9
711,7,14
711,8,13
711,9,13
712,0,7
712,1,11
712,2,12
712,3,12
712,4,10
712,5,16
712,6,15
712,7,12
712,8,16
712,9,14
713,0,16
713,1,15
713,2,18
713,3,12
713,4,15
713,5,12
713,6,15
713,7,14
713,8,20
713,9,19
714,0,15
714,1,13
714,2,17
714,3,10
714,4,12
714,5,20
714,6,14
714,7,17
714,8,18
714,9,15
715,0,12
715,1,17
715,2,14
715,3,12
715,4,15
715,5,14
715,6,14
715,7,19
715,8,18
715,9,16
716,0,14
716,1,14
716,2,19
716,3,15
716,4,15
716,5,17
716,6,15
716,7,15
716,8,20
716,9,16
717,0,12
717,1,11
717,2,12
717,3,11
717,4,13
717,5,13
717,6,15
717,7,14
717,8,13
717,9,12
718,0,13
718,1,12
718,2,14
718,3,13
718,4,20
718,5,14
718,6,18
718,7,14
718,8,14
718,9,15
719,0,11
719,1,13
719,2,13
719,3,16
719,4,12
719,5,13
719,6,9
719,7,13
719,8,15
719,9,14
720,0,16
720,1,18
720,2,15
720,3,8
720,4,19
720,5,16
720,6,17
720,7,11
720,8,11
720,9,19
721,0,15
721,1,11
721,2,16
721,3,10
721,4,19
721,5,15
721,6,16
721,7,11
721,8,8
721,9,17
722,0,10
722,1,14
722,2,17
722,3,9
722,4,19
722,5,18
722,6,16
722,7,10
722,8,12
722,9,19
723,0,14
723,1,13
723,2,16
723,3,12
723,4,17
723,5,19
723,6,16
723,7,10
723,8,13
723,9,17
724,0,9
724,1,15
724,2,12
724,3,14
724,4,11
724,5,12
724,6,15
724,7,11
724,8,14
724,9,14
725,0,16
725,1,12
725,2,18
725,3,9
725,4,13
725,5,11
725,6,14
725,7,13
725,8,16
725,9,15
726,0,14
726,1,15
726,2,12
726,3,17
726,4,20
726,5,19
726,6,14
726,7,19
726,8,16
726,9,18
727,0,6
727,1,15
727,2,9
727,3,13
727,4,13
727,5,16
727,6,16
727,7,10
727,8,10
727,9,15
728,0,15
728,1,15
728,2,15
728,3,19
728,4,11
728,5,22
728,6,13
728,7,15
728,8,15
728,9,14
729,0,16
729,1,17
729,2,18
729,3,15
729,4,21
729,5,18
729,6,14
729,7,17
729,8,12
729,9,15
730,0,16
730,1,16
730,2,21
730,3,16
730,4,13
730,5,12
730,6,17
730,7,12
730,8,11
730,9,14
731,0,16
731,1,13
731,2,19
731,3,17
731,4,14
731,5,22
731,6,15
731,7,12
731,8,15
731,9,17
732,0,20
732,1,13
732,2,17
732,3,11
732,4,12
732,5,13
732,6,13
732,7,12
732,8,15
732,9,12
733,0,17
733,1,13
733,2,22
733,3,13
733,4,17
733,5,19
733,6,15
733,7,16
733,8,19
733,9,20
734,0,12
734,1,12
734,2,8
734,3,8
734,4,12
734,5,16
734,6,16
734,7,8
734,8,18
734,9,16
735,0,11
735,1,11
735,2,11
735,3,11
735,4,17
735,5,14
735,6,12
735,7,10
735,8,13
735,9,16
736,0,17
736,1,20
736,2,19
736,3,16
736,4,11
736,5,15
736,6,18
736,7,14
736,8,17
736,9,13
737,0,16
737,1,15
737,2,15
737,3,13
737,4,13
737,5,15
737,6,13
737,7,13
737,8,12
737,9,15
738,0,15
738,1,11
738,2,13
738,3,16
738,4,16
738,5,16
738,6,17
738,7,14
738,8,13
738,9,16
739,0,20
739,1,18
739,2,21
739,3,15
739,4,12
739,5,15
739,6,19
739,7,14
739,8,16
739,9,17
740,0,17
740,1,14
740,2,20
740,3,14
740,4,11
740,5,16
740,6,15
740,7,15
740,8,16
740,9,12
741,0,15
741,1,9
741,2,14
741,3,10
741,4,16
741,5,18
741,6,19
741,7,11
741,8,13
741,9,18
742,0,17
742,1,19
742,2,21
742,3,17
742,4,14
742,5,19
742,6,14
742,7,16
742,8,20
742,9,18
743,0,11
743,1,15
743,2,16
743,3,9
743,4,12
743,5,19
743,6,11
743,7,15
743,8,17
743,9,12
744,0,12
744,1,13
744,2,13
744,3,17
744,4,14
744,5,14
744,6,16
744,7,11
744,8,14
744,9,11
745,0,13
745,1,16
745,2,16
745,3,12
745,4,10
745,5,15
745,6,18
745,7,11
745,8,17
745,9,12
746,0,8
746,1,15
746,2,14
746,3,14
746,4,18
746,5,18
746,6,14
746,7,11
746,8,10
746,9,16
747,0,16
747,1,19
747,2,14
747,3,8
747,4,17
747,5,18
747,6,19
747,7,10
747,8,15
747,9,21
748,0,15
748,1,17
748,2,13
748,3,15
748,4,15
748,5,13
748,6,15
748,7,15
748,8,15
748,9,13
749,0,12
749,1,13
749,2,16
749,3,16
749,4,13
749,5,14
749,6,13
749,7,13
749,8,15
749,9,13
750,0,21
750,1,11
750,2,17
750,3,17
750,4,13
750,5,15
750,6,22
750,7,12
750,8,16
750,9,15
751,0,11
751,1,17
751,2,12
751,3,12
751,4,13
751,5,12
751,6,17
751,7,11
751,8,15
751,9,11
752,0,14
752,1,16
752,2,15
752,3,12
752,4,18
752,5,21
752,6,14
752,7,11
752,8,11
752,9,17
753,0,13
753,1,13
753,2,19
753,3,12
753,4,10
753,5,15
753,6,11
753,7,14
753,8,17
753,9,12
754,0,15
754,1,12
754,2,14
754,3,12
754,4,9
754,5,13
754,6,16
754,7,13
754,8,17
754,9,13
755,0,15
755,1,16
755,2,16
755,3,14
755,4,15
755,5,13
755,6,11
755,7,17
755,8,19
755,9,15
756,0,16
756,1,20
756,2,19
756,3,16
756,4,15
756,5,16
756,6,15
756,7,18
756,8,15
756,9,13
757,0,15
757,1,20
757,2,12
757,3,15
757,4,19
757,5,16
757,6,12
757,7,16
757,8,16
757,9,15
758,0,9
758,1,12
758,2,9
758,3,17
758,4,15
758,5,15
758,6,17
758,7,10
758,8,13
758,9,16
759,0,18
759,1,17
759,2,15
759,3,13
759,4,17
759,5,15
759,6,22
759,7,15
759,8,16
759,9,17
760,0,19
760,1,15
760,2,22
760,3,14
760,4,12
760,5,19
760,6,12
760,7,13
760,8,13
760,9,16
761,0,13
761,1,13
761,2,10
761,3,13
761,4,13
761,5,7
761,6,16
761,7,17
761,8,13
761,9,16
762,0,18
762,1,13
762,2,20
762,3,16
762,4,12
762,5,14
762,6,15
762,7,22
762,8,13
762,9,14
763,0,14
763,1,14
763,2,15
763,3,13
763,4,15
763,5,17
763,6,16
763,7,16
763,8,10
763,9,16
764,0,9
764,1,12
764,2,12
764,3,12
764,4,15
764,5,18
764,6,13
764,7,8
764,8,11
764,9,14
765,0,10
765,1,19
765,2,16
765,3,16
765,4,13
765,5,15
765,6,14
765,7,11
765,8,14
765,9,12
766,0,17
766,1,21
766,2,17
766,3,17
766,4,20
766,5,18
766,6,18
766,7,18
766,8,19
766,9,18
767,0,17
767,1,18
767,2,13
767,3,16
767,4,16
767,5,14
767,6,16
767,7,14
767,8,13
767,9,14
768,0,12
768,1,12
768,2,17
768,3,14
768,4,14
768,5,18
768,6,13
768,7,16
768,8,15
768,9,13
769,0,17
769,1,15
769,2,18
769,3,18
769,4,15
769,5,18
769,6,19
769,7,16
769,8,15
769,9,14
770,0,10
770,1,7
770,2,9
770,3,16
770,4,12
770,5,14
770,6,13
770,7,12
770,8,13
770,9,12
771,0,12
771,1,14
771,2,17
771,3,13
771,4,14
771,5,17
771,6,19
771,7,13
771,8,15
771,9,18
772,0,15
772,1,9
772,2,12
772,3,12
772,4,14
772,5,14
772,6,15
772,7,12
772,8,14
772,9,15
773,0,17
773,1,17
773,2,18
773,3,19
773,4,15
773,5,18
773,6,16
773,7,15
773,8,16
773,9,15
774,0,18
774,1,11
774,2,14
774,3,12
774,4,13
774,5,14
774,6,16
774,7,11
774,8,12
774,9,12
775,0,18
775,1,17
775,2,18
775,3,9
775,4,9
775,5,22
775,6,20
775,7,15
775,8,9
775,9,13
776,0,19
776,1,17
776,2,20
776,3,15
776,4,15
776,5,19
776,6,21
776,7,14
776,8,11
776,9,21
777,0,13
777,1,10
777,2,14
777,3,11
777,4,13
777,5,15
777,6,15
777,7,12
777,8,14
777,9,9
778,0,12
778,1,12
778,2,9
778,3,13
778,4,17
778,5,17
778,6,15
778,7,17
778,8,12
778,9,14
779,0,18
779,1,17
779,2,19
779,3,11
779,4,15
779,5,18
779,6,16
779,7,16
779,8,14
779,9,18
780,0,17
780,1,15
780,2,19
780,3,14
780,4,20
780,5,18
780,6,17
780,7,18
780,8,16
780,9,14
781,0,17
781,1,12
781,2,12
781,3,14
781,4,14
781,5,16
781,6,14
781,7,13
781,8,12
781,9,12
782,0,10
782,1,18
782,2,19
782,3,18
782,4,16
782,5,18
782,6,17
782,7,15
782,8,15
782,9,14
783,0,13
783,1,20
783,2,16
783,3,16
783,4,12
783,5,19
783,6,20
783,7,17
783,8,15
783,9,21
784,0,17
784,1,15
784,2,17
784,3,13
784,4,17
784,5,15
784,6,19
784,7,15
784,8,14
784,9,13
785,0,17
785,1,15
785,2,15
785,3,14
785,4,12
785,5,15
785,6,18
785,7,19
785,8,17
785,9,13
786,0,16
786,1,14
786,2,17
786,3,13
786,4,14
786,5,13
786,6,16
786,7,14
786,8,13
786,9,12
787,0,18
787,1,17
787,2,16
787,3,17
787,4,13
787,5,17
787,6,16
787,7,15
787,8,12
787,9,17
788,0,14
788,1,14
788,2,17
788,3,13
788,4,20
788,5,20
788,6,12
788,7,16
788,8,9
788,9,15
789,0,17
789,1,16
789,2,13
789,3,14
789,4,14
789,5,17
789,6,22
789,7,17
789,8,17
789,9,23
790,0,12
790,1,14
790,2,16
790,3,13
790,4,14
790,5,13
790,6,13
790,7,5
790,8,10
790,9,14
791,0,12
791,1,13
791,2,15
791,3,8
791,4,15
791,5,18
791,6,14
791,7,10
791,8,14
791,9,13
792,0,14
792,1,12
792,2,13
792,3,12
792,4,14
792,5,17
792,6,14
792,7,14
792,8,13
792,9,17
793,0,14
793,1,21
793,2,14
793,3,17
793,4,11
793,5,15
793,6,18
793,7,13
793,8,17
793,9,16
794,0,12
794,1,11
794,2,7
794,3,14
794,4,9
794,5,8
794,6,15
794,7,16
794,8,14
794,9,15
795,0,19
795,1,14
795,2,18
795,3,14
795,4,14
795,5,17
795,6,19
795,7,20
795,8,19
795,9,13
796,0,18
796,1,18
796,2,16
796,3,14
796,4,14
796,5,19
796,6,19
796,7,18
796,8,20
796,9,15
797,0,12
797,1,15
797,2,13
797,3,14
797,4,14
797,5,15
797,6,13
797,7,9
797,8,13
797,9,9
798,0,18
798,1,16
798,2,20
798,3,15
798,4,14
798,5,16
798,6,15
798,7,15
798,8,12
798,9,17
799,0,14
799,1,19
799,2,15
799,3,13
799,4,12
799,5,14
799,6,17
799,7,14
799,8,14
799,9,11
800,0,9
800,1,12
800,2,8
800,3,17
800,4,14
800,5,16
800,6,12
800,7,11
800,8,10
800,9,14
801,0,10
801,1,15
801,2,11
801,3,15
801,4,14
801,5,12
801,6,15
801,7,6
801,8,12
801,9,16
802,0,17
802,1,16
802,2,12
802,3,15
802,4,10
802,5,14
802,6,12
802,7,17
802,8,15
802,9,15
803,0,13
803,1,14
803,2,15
803,3,12
803,4,14
803,5,13
803,6,16
803,7,10
803,8,13
803,9,13
804,0,14
804,1,18
804,2,16
804,3,12
804,4,11
804,5,15
804,6,16
804,7,16
804,8,18
804,9,12
805,0,18
805,1,19
805,2,19
805,3,11
805,4,18
805,5,21
805,6,14
805,7,18
805,8,9
805,9,17
806,0,14
806,1,9
806,2,13
806,3,16
806,4,14
806,5,14
806,6,11
806,7,13
806,8,11
806,9,16
807,0,14
807,1,14
807,2,16
807,3,9
807,4,13
807,5,19
807,6,19
807,7,17
807,8,13
807,9,15
808,0,13
808,1,15
808,2,12
808,3,18
808,4,10
808,5,18
808,6,12
808,7,12
808,8,13
808,9,10
809,0,14
809,1,11
809,2,12
809,3,17
809,4,17
809,5,16
809,6,15
809,7,11
809,8,13
809,9,15
810,0,18
810,1,20
810,2,18
810,3,15
810,4,13
810,5,18
810,6,20
810,7,16
810,8,16
810,9,18
811,0,16
811,1,13
811,2,20
811,3,14
811,4,14
811,5,14
811,6,18
811,7,17
811,8,13
811,9,19
812,0,13
812,1,8
812,2,9
812,3,14
812,4,12
812,5,16
812,6,16
812,7,11
812,8,9
812,9,16
813,0,13
813,1,10
813,2,6
813,3,15
813,4,12
813,5,15
813,6,16
813,7,15
813,8,9
813,9,15
814,0,17
814,1,18
814,2,15
814,3,10
814,4,17
814,5,21
814,6,22
814,7,19
814,8,8
814,9,17
815,0,17
815,1,16
815,2,18
815,3,13
815,4,18
815,5,12
815,6,16
815,7,19
815,8,18
815,9,15
816,0,16
816,1,18
816,2,23
816,3,19
816,4,16
816,5,21
816,6,18
816,7,17
816,8,15
816,9,18
817,0,12
817,1,9
817,2,12
817,3,13
817,4,9
817,5,15
817,6,14
817,7,11
817,8,12
817,9,16
818,0,14
818,1,14
818,2,18
818,3,15
818,4,9
818,5,17
818,6,13
818,7,10
818,8,8
818,9,14
819,0,12
819,1,10
819,2,12
819,3,10
819,4,14
819,5,10
819,6,15
819,7,13
819,8,13
819,9,10
820,0,10
820,1,14
820,2,19
820,3,12
820,4,9
820,5,14
820,6,13
820,7,10
820,8,10
820,9,12
821,0,12
821,1,20
821,2,16
821,3,14
821,4,16
821,5,17
821,6,20
821,7,16
821,8,17
821,9,17
822,0,13
822,1,12
822,2,16
822,3,12
822,4,12
822,5,15
822,6,12
822,7,17
822,8,13
822,9,11
823,0,17
823,1,13
823,2,17
823,3,17
823,4,14
823,5,18
823,6,12
823,7,15
823,8,14
823,9,11
824,0,12
824,1,13
824,2,11
824,3,8
824,4,11
824,5,13
824,6,15
824,7,14
824,8,15
824,9,11
825,0,9
825,1,14
825,2,13
825,3,14
825,4,12
825,5,17
825,6,14
825,7,15
825,8,13
825,9,15
826,0,11
826,1,14
826,2,13
826,3,11
826,4,13
826,5,13
826,6,17
826,7,8
826,8,13
826,9,14
827,0,9
827,1,17
827,2,18
827,3,11
827,4,14
827,5,17
827,6,16
827,7,12
827,8,13
827,9,20
828,0,8
828,1,13
828,2,16
828,3,18
828,4,13
828,5,14
828,6,14
828,7,9
828,8,13
828,9,12
829,0,15
829,1,18
829,2,23
829,3,14
829,4,13
829,5,16
829,6,17
829,7,13
829,8,17
829,9,13
830,0,18
830,1,13
830,2,12
830,3,13
830,4,20
830,5,12
830,6,15
830,7,18
830,8,14
830,9,15
831,0,15
831,1,17
831,2,17
831,3,17
831,4,16
831,5,20
831,6,22
831,7,14
831,8,15
831,9,18
832,0,9
832,1,18
832,2,15
832,3,9
832,4,16
832,5,18
832,6,20
832,7,12
832,8,16
832,9,19
833,0,12
833,1,14
833,2,24
833,3,10
833,4,14
833,5,17
833,6,18
833,7,10
833,8,11
833,9,15
834,0,11
834,1,17
834,2,16
834,3,14
834,4,13
834,5,14
834,6,16
834,7,15
834,8,14
834,9,16
835,0,10
835,1,11
835,2,11
835,3,11
835,4,11
835,5,14
835,6,13
835,7,11
835,8,16
835,9,15
836,0,13
836,1,17
836,2,18
836,3,17
836,4,13
836,5,14
836,6,15
836,7,18
836,8,17
836,9,13
837,0,17
837,1,16
837,2,16
837,3,13
837,4,15
837,5,15
837,6,16
837,7,14
837,8,12
837,9,18
838,0,14
838,1,13
838,2,14
838,3,15
838,4,14
838,5,20
838,6,13
838,7,18
838,8,10
838,9,15
839,0,12
839,1,14
839,2,17
839,3,14
839,4,16
839,5,21
839,6,15
839,7,16
839,8,13
839,9,17
840,0,12
840,1,12
840,2,16
840,3,16
840,4,19
840,5,16
840,6,13
840,7,15
840,8,14
840,9,16
841,0,17
841,1,18
841,2,11
841,3,14
841,4,13
841,5,18
841,6,13
841,7,13
841,8,12
841,9,15
842,0,12
842,1,12
842,2,16
842,3,14
842,4,13
842,5,13
842,6,12
842,7,11
842,8,16
842,9,16
843,0,21
843,1,13
843,2,18
843,3,13
843,4,15
843,5,19
843,6,20
843,7,20
843,8,19
843,9,21
844,0,19
844,1,18
844,2,21
844,3,15
844,4,19
844,5,17
844,6,21
844,7,18
844,8,16
844,9,16
845,0,15
845,1,10
845,2,10
845,3,10
845,4,20
845,5,19
845,6,15
845,7,15
845,8,10
845,9,15
846,0,14
846,1,15
846,2,9
846,3,14
846,4,16
846,5,21
846,6,16
846,7,15
846,8,13
846,9,16
847,0,13
847,1,17
847,2,16
847,3,13
847,4,12
847,5,17
847,6,19
847,7,14
847,8,15
847,9,15
848,0,12
848,1,12
848,2,22
848,3,8
848,4,10
848,5,18
848,6,8
848,7,16
848,8,14
848,9,11
849,0,10
849,1,12
849,2,10
849,3,10
849,4,18
849,5,14
849,6,16
849,7,11
849,8,14
849,9,15
850,0,8
850,1,15
850,2,8
850,3,11
850,4,16
850,5,15
850,6,11
850,7,18
850,8,16
850,9,11
851,0,17
851,1,16
851,2,18
851,3,16
851,4,14
851,5,20
851,6,20
851,7,16
851,8,14
851,9,19
852,0,16
852,1,13
852,2,14
852,3,17
852,4,13
852,5,17
852,6,15
852,7,19
852,8,12
852,9,11
853,0,13
853,1,13
853,2,13
853,3,13
853,4,17
853,5,16
853,6,18
853,7,13
853,8,18
853,9,19
854,0,14
854,1,9
854,2,11
854,3,16
854,4,11
854,5,15
854,6,18
854,7,17
854,8,13
854,9,18
855,0,14
855,1,17
855,2,17
855,3,15
855,4,13
855,5,19
855,6,17
855,7,15
855,8,19
855,9,14
856,0,14
856,1,18
856,2,16
856,3,11
856,4,21
856,5,18
856,6,13
856,7,17
856,8,13
856,9,18
857,0,12
857,1,17
857,2,15
857,3,16
857,4,14
857,5,20
857,6,14
857,7,15
857,8,10
857,9,15
858,0,17
858,1,10
858,2,15
858,3,11
858,4,9
858,5,14
858,6,12
858,7,14
858,8,13
858,9,7
859,0,15
859,1,19
859,2,15
859,3,16
859,4,12
859,5,21
859,6,19
859,7,20
859,8,13
859,9,19
860,0,14
860,1,21
860,2,21
860,3,16
860,4,14
860,5,19
860,6,18
860,7,17
860,8,16
860,9,16
861,0,18
861,1,8
861,2,17
861,3,15
861,4,12
861,5,15
861,6,13
861,7,16
861,8,7
861,9,10
862,0,17
862,1,18
862,2,18
862,3,17
862,4,14
862,5,18
862,6,15
862,7,20
862,8,16
862,9,15
863,0,11
863,1,16
863,2,14
863,3,15
863,4,15
863,5,18
863,6,14
863,7,14
863,8,9
863,9,14
864,0,11
864,1,17
864,2,17
864,3,15
864,4,16
864,5,17
864,6,15
864,7,12
864,8,12
864,9,14
865,0,11
865,1,13
865,2,16
865,3,16
865,4,12
865,5,15
865,6,14
865,7,11
865,8,12
865,9,13
866,0,14
866,1,16
866,2,18
866,3,11
866,4,9
866,5,11
866,6,14
866,7,16
866,8,14
866,9,12
867,0,11
867,1,13
867,2,18
867,3,10
867,4,12
867,5,14
867,6,13
867,7,16
867,8,15
867,9,10
868,0,11
868,1,16
868,2,7
868,3,12
868,4,13
868,5,13
868,6,14
868,7,12
868,8,13
868,9,13
869,0,18
869,1,17
869,2,17
869,3,15
869,4,11
869,5,16
869,6,11
869,7,16
869,8,15
869,9,14
870,0,12
870,1,14
870,2,11
870,3,15
870,4,10
870,5,15
870,6,13
870,7,13
870,8,10
870,9,13
871,0,13
871,1,20
871,2,21
871,3,10
871,4,17
871,5,20
871,6,18
871,7,15
871,8,15
871,9,13
872,0,8
872,1,15
872,2,15
872,3,11
872,4,16
872,5,15
872,6,14
872,7,8
872,8,12
872,9,14
873,0,12
873,1,14
873,2,15
873,3,14
873,4,17
873,5,16
873,6,17
873,7,13
873,8,10
873,9,13
874,0,13
874,1,15
874,2,13
874,3,14
874,4,11
874,5,18
874,6,10
874,7,14
874,8,11
874,9,13
875,0,10
875,1,11
875,2,11
875,3,10
875,4,15
875,5,14
875,6,15
875,7,12
875,8,16
875,9,17
876,0,16
876,1,13
876,2,9
876,3,13
876,4,20
876,5,16
876,6,18
876,7,19
876,8,15
876,9,16
877,0,18
877,1,11
877,2,24
877,3,14
877,4,15
877,5,20
877,6,14
877,7,14
877,8,16
877,9,19
878,0,15
878,1,20
878,2,17
878,3,16
878,4,20
878,5,18
878,6,21
878,7,18
878,8,15
878,9,15
879,0,14
879,1,18
879,2,18
879,3,16
879,4,14
879,5,16
879,6,18
879,7,15
879,8,12
879,9,11
880,0,12
880,1,17
880,2,12
880,3,15
880,4,11
880,5,18
880,6,11
880,7,14
880,8,14
880,9,13
881,0,17
881,1,17
881,2,17
881,3,15
881,4,12
881,5,16
881,6,14
881,7,16
881,8,15
881,9,12
882,0,11
882,1,12
882,2,11
882,3,10
882,4,18
882,5,17
882,6,14
882,7,11
882,8,9
882,9,14
883,0,12
883,1,13
883,2,15
883,3,11
883,4,12
883,5,12
883,6,14
883,7,9
883,8,10
883,9,15
884,0,13
884,1,16
884,2,18
884,3,6
884,4,17
884,5,25
884,6,21
884,7,20
884,8,12
884,9,22
885,0,10
885,1,17
885,2,13
885,3,14
885,4,19
885,5,20
885,6,13
885,7,16
885,8,14
885,9,13
886,0,11
886,1,13
886,2,15
886,3,18
886,4,13
886,5,8
886,6,12
886,7,10
886,8,11
886,9,14
887,0,11
887,1,13
887,2,16
887,3,14
887,4,16
887,5,17
887,6,14
887,7,12
887,8,14
887,9,13
888,0,20
888,1,13
888,2,17
888,3,17
888,4,17
888,5,12
888,6,13
888,7,15
888,8,13
888,9,12
889,0,20
889,1,16
889,2,15
889,3,14
889,4,17
889,5,17
889,6,18
889,7,14
889,8,18
889,9,20
890,0,13
890,1,17
890,2,8
890,3,12
890,4,14
890,5,15
890,6,14
890,7,16
890,8,15
890,9,17
891,0,15
891,1,14
891,2,15
891,3,15
891,4,14
891,5,17
891,6,16
891,7,15
891,8,15
891,9,15
892,0,15
892,1,15
892,2,14
892,3,12
892,4,13
892,5,17
892,6,18
892,7,13
892,8,16
892,9,18
893,0,11
893,1,14
893,2,15
893,3,14
893,4,12
893,5,15
893,6,15
893,7,13
893,8,14
893,9,15
894,0,17
894,1,13
894,2,13
894,3,14
894,4,15
894,5,18
894,6,13
894,7,17
894,8,12
894,9,13
895,0,10
895,1,12
895,2,9
895,3,13
895,4,15
895,5,14
895,6,14
895,7,13
895,8,17
895,9,17
896,0,15
896,1,14
896,2,17
896,3,13
896,4,13
896,5,14
896,6,13
896,7,13
896,8,17
896,9,16
897,0,12
897,1,12
897,2,14
897,3,14
897,4,11
897,5,13
897,6,14
897,7,12
897,8,14
897,9,13
898,0,12
898,1,12
898,2,21
898,3,11
898,4,15
898,5,16
898,6,13
898,7,13
898,8,16
898,9,14
899,0,17
899,1,14
899,2,19
899,3,11
899,4,13
899,5,14
899,6,12
899,7,20
899,8,18
899,9,11
900,0,11
900,1,12
900,2,15
900,3,12
900,4,14
900,5,18
900,6,15
900,7,17
900,8,14
900,9,14
901,0,11
901,1,11
901,2,13
901,3,15
901,4,13
901,5,8
901,6,13
901,7,12
901,8,14
901,9,9
902,0,14
902,1,13
902,2,12
902,3,16
902,4,10
902,5,14
902,6,8
902,7,15
902,8,15
902,9,11
903,0,17
903,1,17
903,2,14
903,3,15
903,4,14
903,5,9
903,6,14
903,7,14
903,8,17
903,9,18
904,0,17
904,1,14
904,2,15
904,3,12
904,4,19
904,5,19
904,6,15
904,7,12
904,8,14
904,9,11
905,0,16
905,1,13
905,2,16
905,3,16
905,4,12
905,5,18
905,6,18
905,7,14
905,8,13
905,9,16
906,0,16
906,1,17
906,2,17
906,3,17
906,4,12
906,5,18
906,6,14
906,7,15
906,8,8
906,9,17
907,0,9
907,1,13
907,2,11
907,3,11
907,4,15
907,5,18
907,6,16
907,7,13
907,8,13
907,9,19
908,0,12
908,1,13
908,2,13
908,3,13
908,4,14
908,5,12
908,6,14
908,7,12
908,8,11
908,9,13
909,0,15
909,1,15
909,2,16
909,3,16
909,4,19
909,5,17
909,6,16
909,7,16
909,8,17
909,9,17
910,0,14
910,1,14
910,2,22
910,3,12
910,4,17
910,5,22
910,6,19
910,7,16
910,8,15
910,9,15
911,0,16
911,1,17
911,2,21
911,3,15
911,4,20
911,5,15
911,6,18
911,7,14
911,8,13
911,9,13
912,0,12
912,1,13
912,2,11
912,3,13
912,4,13
912,5,15
912,6,15
912,7,12
912,8,11
912,9,15
913,0,17
913,1,14
913,2,17
913,3,11
913,4,10
913,5,14
913,6,15
913,7,10
913,8,18
913,9,14
914,0,20
914,1,16
914,2,20
914,3,14
914,4,15
914,5,13
914,6,18
914,7,13
914,8,10
914,9,15
915,0,8
915,1,17
915,2,15
915,3,17
915,4,12
915,5,17
915,6,15
915,7,15
915,8,13
915,9,13
916,0,13
916,1,11
916,2,17
916,3,9
916,4,10
916,5,10
916,6,13
916,7,17
916,8,9
916,9,10
917,0,10
917,1,16
917,2,18
917,3,13
917,4,12
917,5,14
917,6,16
917,7,14
917,8,13
917,9,13
918,0,14
918,1,16
918,2,16
918,3,13
918,4,18
918,5,17
918,6,16
918,7,15
918,8,12
918,9,13
919,0,20
919,1,14
919,2,19
919,3,17
919,4,20
919,5,18
919,6,16
919,7,16
919,8,16
919,9,17
920,0,10
920,1,12
920,2,13
920,3,16
920,4,11
920,5,13
920,6,12
920,7,11
920,8,15
920,9,14
921,0,13
921,1,12
921,2,11
921,3,10
921,4,15
921,5,12
921,6,15
921,7,15
921,8,13
921,9,14
922,0,15
922,1,17
922,2,19
922,3,12
922,4,15
922,5,15
922,6,18
922,7,20
922,8,13
922,9,13
923,0,12
923,1,14
923,2,14
923,3,13
923,4,12
923,5,17
923,6,17
923,7,12
923,8,13
923,9,15
924,0,13
924,1,7
924,2,11
924,3,12
924,4,11
924,5,18
924,6,16
924,7,18
924,8,11
924,9,12
925,0,15
925,1,14
925,2,10
925,3,15
925,4,12
925,5,16
925,6,14
925,7,14
925,8,13
925,9,18
926,0,11
926,1,12
926,2,16
926,3,14
926,4,11
926,5,16
926,6,15
926,7,12
926,8,14
926,9,13
927,0,11
927,1,11
927,2,13
927,3,14
927,4,13
927,5,15
927,6,19
927,7,17
927,8,10
927,9,11
928,0,10
928,1,15
928,2,11
928,3,16
928,4,13
928,5,10
928,6,15
928,7,14
928,8,11
928,9,10
929,0,17
929,1,14
929,2,13
929,3,12
929,4,18
929,5,13
929,6,9
929,7,18
929,8,16
929,9,12
930,0,12
930,1,16
930,2,10
930,3,15
930,4,15
930,5,20
930,6,18
930,7,11
930,8,13
930,9,17
931,0,8
931,1,13
931,2,11
931,3,18
931,4,10
931,5,15
931,6,15
931,7,12
931,8,10
931,9,15
932,0,13
932,1,17
932,2,9
932,3,13
932,4,15
932,5,15
932,6,17
932,7,15
932,8,14
932,9,15
933,0,16
933,1,14
933,2,17
933,3,18
933,4,17
933,5,21
933,6,12
933,7,20
933,8,15
933,9,16
934,0,8
934,1,18
934,2,17
934,3,14
934,4,14
934,5,16
934,6,11
934,7,12
934,8,18
934,9,15
935,0,8
935,1,11
935,2,6
935,3,11
935,4,18
935,5,12
935,6,13
935,7,12
935,8,12
935,9,14
936,0,11
936,1,16
936,2,10
936,3,14
936,4,16
936,5,13
936,6,13
936,7,12
936,8,16
936,9,16
937,0,13
937,1,16
937,2,18
937,3,10
937,4,11
937,5,17
937,6,20
937,7,16
937,8,11
937,9,11
938,0,11
938,1,16
938,2,19
938,3,8
938,4,22
938,5,17
938,6,18
938,7,15
938,8,11
938,9,20
939,0,13
939,1,16
939,2,19
939,3,14
939,4,14
939,5,17
939,6,14
939,7,13
939,8,15
939,9,9
940,0,13
940,1,18
940,2,11
940,3,17
940,4,14
940,5,15
940,6,12
940,7,14
940,8,13
940,9,16
941,0,11
941,1,14
941,2,19
941,3,11
941,4,15
941,5,17
941,6,14
941,7,18
941,8,11
941,9,14
942,0,16
942,1,16
942,2,13
942,3,18
942,4,14
942,5,10
942,6,14
942,7,17
942,8,15
942,9,18
943,0,16
943,1,11
943,2,10
943,3,19
943,4,14
943,5,15
943,6,16
943,7,19
943,8,14
943,9,13
944,0,13
944,1,11
944,2,13
944,3,15
944,4,10
944,5,16
944,6,18
944,7,13
944,8,16
944,9,14
945,0,14
945,1,14
945,2,16
945,3,13
945,4,6
945,5,12
945,6,14
945,7,17
945,8,14
945,9,14
946,0,10
946,1,17
946,2,15
946,3,14
946,4,18
946,5,20
946,6,18
946,7,10
946,8,14
946,9,16
947,0,10
947,1,11
947,2,9
947,3,12
947,4,15
947,5,16
947,6,11
947,7,13
947,8,12
947,9,14
948,0,18
948,1,11
948,2,10
948,3,13
948,4,24
948,5,18
948,6,16
948,7,15
948,8,8
948,9,17
949,0,10
949,1,13
949,2,11
949,3,16
949,4,12
949,5,7
949,6,16
949,7,15
949,8,12
949,9,12
950,0,13
950,1,17
950,2,15
950,3,11
950,4,9
950,5,15
950,6,15
950,7,18
950,8,14
950,9,14
951,0,12
951,1,17
951,2,12
951,3,15
951,4,13
951,5,14
951,6,14
951,7,16
951,8,17
951,9,16
952,0,11
952,1,14
952,2,17
952,3,14
952,4,12
952,5,16
952,6,12
952,7,11
952,8,12
952,9,15
953,0,18
953,1,10
953,2,16
953,3,10
953,4,15
953,5,17
953,6,14
953,7,14
953,8,16
953,9,19
954,0,16
954,1,15
954,2,14
954,3,13
954,4,14
954,5,14
954,6,16
954,7,18
954,8,15
954,9,15
955,0,17
955,1,14
955,2,17
955,3,10
955,4,15
955,5,15
955,6,12
955,7,14
955,8,18
955,9,13
956,0,10
956,1,15
956,2,10
956,3,12
956,4,13
956,5,15
956,6,8
956,7,14
956,8,14
956,9,14
957,0,8
957,1,11
957,2,10
957,3,18
957,4,8
957,5,12
957,6,16
957,7,10
957,8,12
957,9,12
958,0,14
958,1,14
958,2,10
958,3,12
958,4,18
958,5,14
958,6,14
958,7,13
958,8,9
958,9,16
959,0,11
959,1,13
959,2,17
959,3,21
959,4,12
959,5,17
959,6,10
959,7,16
959,8,15
959,9,12
960,0,16
960,1,15
960,2,18
960,3,14
960,4,15
960,5,14
960,6,17
960,7,12
960,8,14
960,9,16
961,0,16
961,1,15
961,2,19
961,3,18
961,4,16
961,5,16
961,6,17
961,7,19
961,8,15
961,9,16
962,0,11
962,1,14
962,2,10
962,3,11
962,4,13
962,5,16
962,6,15
962,7,10
962,8,14
962,9,15
963,0,16
963,1,15
963,2,18
963,3,21
963,4,16
963,5,10
963,6,17
963,7,11
963,8,18
963,9,12
964,0,14
964,1,18
964,2,20
964,3,16
964,4,13
964,5,17
964,6,17
964,7,15
964,8,15
964,9,14
965,0,17
965,1,19
965,2,14
965,3,20
965,4,17
965,5,19
965,6,18
965,7,10
965,8,13
965,9,19
966,0,22
966,1,17
966,2,19
966,3,16
966,4,15
966,5,15
966,6,21
966,7,20
966,8,16
966,9,15
967,0,13
967,1,16
967,2,14
967,3,16
967,4,11
967,5,13
967,6,18
967,7,13
967,8,14
967,9,11
968,0,11
968,1,15
968,2,10
968,3,16
968,4,7
968,5,14
968,6,13
968,7,14
968,8,14
968,9,13
969,0,13
969,1,14
969,2,16
969,3,14
969,4,8
969,5,14
969,6,12
969,7,6
969,8,14
969,9,15
970,0,8
970,1,18
970,2,18
970,3,15
970,4,14
970,5,19
970,6,23
970,7,14
970,8,17
970,9,16
971,0,13
971,1,16
971,2,15
971,3,12
971,4,12
971,5,19
971,6,16
971,7,16
971,8,10
971,9,18
972,0,11
972,1,15
972,2,17
972,3,16
972,4,15
972,5,14
972,6,18
972,7,14
972,8,12
972,9,15
973,0,12
973,1,19
973,2,14
973,3,15
973,4,13
973,5,14
973,6,17
973,7,16
973,8,15
973,9,19
974,0,10
974,1,17
974,2,18
974,3,13
974,4,13
974,5,8
974,6,15
974,7,17
974,8,16
974,9,12
975,0,17
975,1,22
975,2,18
975,3,13
975,4,16
975,5,16
975,6,11
975,7,18
975,8,19
975,9,17
976,0,15
976,1,16
976,2,18
976,3,12
976,4,16
976,5,18
976,6,17
976,7,14
976,8,16
976,9,16
977,0,9
977,1,13
977,2,13
977,3,15
977,4,12
977,5,13
977,6,12
977,7,13
977,8,12
977,9,12
978,0,14
978,1,14
978,2,19
978,3,12
978,4,9
978,5,19
978,6,12
978,7,16
978,8,14
978,9,10
979,0,16
979,1,16
979,2,19
979,3,14
979,4,12
979,5,19
979,6,18
979,7,18
979,8,16
979,9,14
980,0,16
980,1,14
980,2,17
980,3,13
980,4,18
980,5,14
980,6,17
980,7,17
980,8,14
980,9,20
981,0,13
981,1,15
981,2,17
981,3,15
981,4,11
981,5,13
981,6,12
981,7,10
981,8,13
981,9,13
982,0,11
982,1,12
982,2,16
982,3,9
982,4,12
982,5,14
982,6,17
982,7,16
982,8,11
982,9,14
983,0,15
983,1,13
983,2,15
983,3,16
983,4,18
983,5,21
983,6,13
983,7,18
983,8,12
983,9,14
984,0,12
984,1,16
984,2,16
984,3,13
984,4,15
984,5,14
984,6,13
984,7,13
984,8,15
984,9,14
985,0,12
985,1,12
985,2,18
985,3,14
985,4,13
985,5,16
985,6,12
985,7,13
985,8,9
985,9,12
986,0,12
986,1,16
986,2,19
986,3,8
986,4,17
986,5,17
986,6,15
986,7,9
986,8,16
986,9,22
987,0,13
987,1,12
987,2,20
987,3,18
987,4,10
987,5,16
987,6,10
987,7,12
987,8,15
987,9,13
988,0,17
988,1,14
988,2,25
988,3,16
988,4,17
988,5,18
988,6,14
988,7,9
988,8,20
988,9,12
989,0,19
989,1,23
989,2,21
989,3,11
989,4,14
989,5,13
989,6,20
989,7,12
989,8,18
989,9,14
990,0,14
990,1,12
990,2,15
990,3,15
990,4,11
990,5,11
990,6,15
990,7,13
990,8,13
990,9,13
991,0,11
991,1,13
991,2,12
991,3,14
991,4,10
991,5,10
991,6,11
991,7,15
991,8,9
991,9,12
992,0,12
992,1,16
992,2,11
992,3,14
992,4,17
992,5,12
992,6,12
992,7,10
992,8,14
992,9,12
993,0,13
993,1,12
993,2,17
993,3,13
993,4,13
993,5,19
993,6,11
993,7,11
993,8,13
993,9,13
994,0,14
994,1,15
994,2,16
994,3,14
994,4,11
994,5,14
994,6,14
994,7,14
994,8,14
994,9,12
995,0,12
995,1,16
995,2,17
995,3,17
995,4,16
995,5,16
995,6,14
995,7,13
995,8,13
995,9,13
996,0,9
996,1,12
996,2,11
996,3,10
996,4,11
996,5,14
996,6,11
996,7,13
996,8,8
996,9,14
997,0,12
997,1,13
997,2,15
997,3,15
997,4,15
997,5,13
997,6,15
997,7,12
997,8,16
997,9,17
998,0,12
998,1,20
998,2,16
998,3,16
998,4,13
998,5,14
998,6,12
998,7,9
998,8,12
998,9,14
999,0,20
999,1,20
999,2,20
999,3,17
999,4,15
999,5,14
999,6,17
999,7,14
999,8,15
999,9,15
1000,0,15
1000,1,15
1000,2,13
1000,3,17
1000,4,18
1000,5,18
1000,6,11
1000,7,15
1000,8,17
1000,9,14
1001,0,12
1001,1,15
1001,2,13
1001,3,13
1001,4,13
1001,5,18
1001,6,12
1001,7,15
1001,8,10
1001,9,12
1002,0,9
1002,1,14
1002,2,14
1002,3,15
1002,4,12
1002,5,8
1002,6,12
1002,7,10
1002,8,13
1002,9,13
1003,0,14
1003,1,15
1003,2,18
1003,3,16
1003,4,14
1003,5,16
1003,6,12
1003,7,18
1003,8,15
1003,9,15
1004,0,14
1004,1,19
1004,2,13
1004,3,17
1004,4,12
1004,5,16
1004,6,16
1004,7,15
1004,8,14
1004,9,15
1005,0,15
1005,1,17
1005,2,15
1005,3,10
1005,4,13
1005,5,17
1005,6,14
1005,7,14
1005,8,11
1005,9,14
1006,0,12
1006,1,14
1006,2,6
1006,3,11
1006,4,15
1006,5,14
1006,6,13
1006,7,9
1006,8,15
1006,9,11
1007,0,9
1007,1,9
1007,2,16
1007,3,14
1007,4,5
1007,5,13
1007,6,8
1007,7,18
1007,8,12
1007,9,6
1008,0,13
1008,1,11
1008,2,20
1008,3,14
1008,4,21
1008,5,19
1008,6,16
1008,7,12
1008,8,13
1008,9,18
1009,0,10
1009,1,13
1009,2,8
1009,3,12
1009,4,12
1009,5,11
1009,6,11
1009,7,12
1009,8,11
1009,9,12
